A_Attr,S_Attr,BOW_Sum,Word_Score,Norm,Total_Words,Label
2,0,7,1.8330000000000002,2,more,0
2,0,2,0.526,1,equal,0
2,0,1,0,0,equal,0
2,0,10,2.515,4,more,0
2,0,7,2.6270000000000002,0,more,0
2,0,8,-0.8,3,less,0
2,0,2,2.492,0,more,0
2,0,2,-1.308,1,less,0
2,0,1,-0.03,1,less,0
2,0,12,-2.172,6,less,0
2,0,5,-0.32900000000000007,3,less,0
2,0,5,0.173,1,more,0
2,0,1,-1.104,1,less,0
2,0,11,-0.04700000000000007,3,more,0
2,0,2,0.5359999999999999,1,equal,0
2,0,3,0.9849999999999999,0,more,0
2,0,8,3.7710000000000004,0,more,0
2,0,6,-2.795,3,equal,0
2,0,2,-4.44,2,less,0
2,0,2,1.648,0,more,0
2,0,11,4.246,1,more,0
2,0,4,1.873,1,more,0
2,0,4,0.668,0,more,0
2,0,11,-0.01300000000000004,6,less,0
2,0,3,0.6629999999999999,0,more,0
2,0,2,-0.171,2,less,0
2,0,3,0.866,0,more,0
2,0,5,-0.875,3,less,0
2,0,8,3.4480000000000004,1,more,0
2,0,1,-0.342,1,less,0
2,0,11,0.517,4,more,0
2,0,8,-0.29899999999999993,4,equal,0
2,0,2,2.5260000000000002,0,more,0
2,0,8,6.710000000000001,0,more,0
2,0,3,0.495,0,more,0
2,0,2,-0.403,1,less,0
2,0,8,3.4680000000000004,1,more,0
2,0,3,-0.22199999999999998,3,less,0
2,0,6,2.323,0,more,0
2,0,4,0.7720000000000001,1,equal,0
2,0,3,-0.09100000000000003,1,more,0
2,0,8,2.169,0,more,0
2,0,3,0.917,0,more,0
2,0,2,0.032999999999999974,1,equal,0
2,0,2,-0.502,2,less,0
2,0,2,0,0,equal,0
2,0,2,-1.6219999999999999,2,less,0
2,0,5,3.846,0,more,0
2,0,3,0.7420000000000001,0,more,0
2,0,3,0.624,0,more,0
2,0,5,1.113,1,more,0
2,0,4,-0.3839999999999999,2,less,0
2,0,1,1.02,0,more,0
2,0,9,1.116,2,more,0
2,0,11,3.344,2,more,0
2,0,3,0.5,0,more,0
2,0,3,0.793,1,equal,0
2,0,1,0.541,0,more,0
2,0,3,-2.117,2,less,0
2,0,2,0.913,0,more,0
2,0,2,-0.022,1,less,0
2,0,3,-0.5700000000000001,1,equal,0
2,0,9,4.2379999999999995,3,more,0
2,0,1,-0.49,1,less,0
2,0,2,0.6930000000000001,0,more,0
2,0,7,0.597,1,more,0
2,0,2,1.859,1,equal,0
2,0,3,1.0,1,more,0
2,0,8,1.161,2,more,0
2,0,5,3.204,0,more,0
2,0,3,-0.28200000000000003,1,more,0
2,0,5,-0.067,1,more,0
2,0,7,-1.1169999999999998,3,equal,0
2,0,3,2.193,0,more,0
2,0,1,-0.784,1,less,0
2,0,10,-3.6559999999999997,4,less,0
2,0,5,1.118,0,more,0
2,0,4,2.207,0,more,0
2,0,2,1.337,0,more,0
2,0,11,0.06100000000000022,3,more,0
2,0,7,-0.276,4,less,0
2,0,15,-0.8649999999999999,8,less,0
2,0,7,2.971,0,more,0
2,0,3,-2.982,2,less,0
2,0,1,0.573,0,more,0
2,0,5,1.667,0,more,0
2,0,2,0,0,equal,0
2,0,2,-0.42200000000000004,1,equal,0
2,0,1,-1.454,1,less,0
2,1,6,2.0180000000000002,1,more,3
2,1,4,2.174,0,more,3
2,1,9,4.517,0,more,3
2,1,3,-0.20500000000000007,1,equal,3
2,1,9,-1.934,5,less,3
2,1,8,-3.541,4,less,3
2,1,12,0.46299999999999997,2,more,3
2,1,1,-0.099,1,less,3
2,1,2,0.499,0,more,3
2,1,2,0.133,1,equal,3
2,1,2,-0.4859999999999999,1,equal,3
2,1,2,0.593,0,more,3
2,1,8,3.747,2,more,3
2,1,1,0.091,0,more,3
2,1,3,0.33099999999999996,1,more,3
2,1,6,3.152,1,more,3
2,1,1,0.361,0,more,3
2,1,4,-0.389,2,less,3
2,1,7,0.898,1,more,3
2,1,5,0.39,1,more,3
2,1,4,1.148,0,more,3
2,1,8,-0.9100000000000001,3,equal,3
2,1,8,-0.29899999999999993,4,equal,3
2,1,1,0.332,0,more,3
2,1,8,0.21499999999999989,3,equal,3
2,1,9,2.766,1,more,3
2,1,8,3.4680000000000004,1,more,3
2,1,6,-2.123,4,less,3
2,1,8,2.076,1,more,3
2,1,2,0.616,0,more,3
2,1,2,-0.638,1,equal,3
2,1,3,0.23600000000000004,1,more,3
2,1,9,2.271,2,more,3
2,1,2,3.197,0,more,3
2,1,3,0.625,0,more,3
2,1,6,0.2740000000000001,2,equal,3
2,1,8,-0.3900000000000001,4,equal,3
2,1,3,0.45,0,more,3
2,1,1,0.651,0,more,3
2,1,9,0.273,5,less,3
2,1,11,4.47,3,more,3
2,1,2,-0.767,1,equal,3
2,1,1,0.506,0,more,3
2,1,2,-0.319,2,less,3
2,1,4,1.99,0,more,3
2,1,1,1.316,0,more,3
2,1,1,-0.469,1,less,3
2,1,10,1.8280000000000003,2,more,3
2,1,8,3.199,0,more,3
2,1,4,-1.68,3,less,3
2,1,2,-0.03,1,equal,3
2,1,3,1.506,0,more,3
2,1,3,1.379,0,more,3
2,1,12,2.3520000000000003,2,more,3
2,1,3,0.263,1,equal,3
2,1,1,0.692,0,more,3
2,1,2,0.083,0,more,3
2,1,4,0.224,1,more,3
2,1,10,4.203,0,more,3
2,1,5,1.131,1,more,3
2,1,6,1.7510000000000001,0,more,3
2,1,1,-0.183,1,less,3
2,1,1,0,0,equal,3
2,1,4,1.708,0,more,3
2,1,4,0.7739999999999999,1,more,3
2,1,2,0.36,0,more,3
2,1,8,-0.42900000000000016,3,equal,3
2,1,8,1.1400000000000001,3,more,3
2,1,2,1.348,0,more,3
2,1,1,-0.217,1,less,3
2,1,4,0.846,0,more,3
2,1,4,0.984,0,more,3
2,1,1,0.225,0,more,3
2,1,1,0.703,0,more,3
2,1,2,-0.779,1,less,3
2,1,1,-0.385,1,less,3
2,1,9,-0.554,3,more,3
2,1,1,0.573,0,more,3
2,1,7,2.5400000000000005,1,more,3
2,1,7,2.318,0,more,3
2,1,4,-0.132,2,equal,3
2,1,4,2.553,0,more,3
2,2,1,-0.098,1,less,2
2,2,1,0.924,0,more,2
2,2,3,1.388,0,more,2
2,2,18,-2.896,6,less,2
2,2,1,0.838,0,more,2
2,2,2,-0.448,1,equal,2
2,2,1,0,0,equal,2
2,2,11,1.7480000000000004,4,equal,2
2,2,1,-0.146,1,less,2
2,2,1,2.494,0,more,2
2,2,3,0.364,0,more,2
2,2,9,-3.891,6,less,2
2,2,1,0,0,more,2
2,2,4,-0.607,1,more,2
2,2,3,0.357,1,more,2
2,2,2,-0.251,1,less,2
2,2,1,0,0,equal,2
2,2,1,1.604,0,more,2
2,2,1,0.294,0,more,2
2,2,2,0.563,0,more,2
2,2,10,-2.387000000000001,6,less,2
2,2,7,0.49000000000000005,4,less,2
2,2,3,-0.101,1,less,2
2,2,11,-0.802,6,less,2
2,2,1,0.964,0,more,2
2,2,3,-0.47100000000000003,1,equal,2
2,2,4,2.817,0,more,2
2,2,1,0.091,0,more,2
2,2,3,-0.07700000000000008,1,more,2
2,2,5,1.3820000000000001,1,more,2
2,2,1,0.703,0,more,2
2,2,1,-1.296,1,less,2
2,2,3,-0.8700000000000001,3,less,2
2,2,2,-0.349,2,less,2
2,2,11,0.6819999999999999,5,less,2
2,2,1,1.002,0,more,2
2,2,1,-1.539,1,less,2
2,2,1,0.012,0,more,2
2,2,11,-3.391,6,less,2
2,2,1,0.499,0,more,2
2,2,2,-0.07800000000000001,1,equal,2
2,2,12,1.193,4,equal,2
2,2,10,-0.9909999999999999,5,less,2
2,2,1,-0.524,1,less,2
2,2,1,-0.146,1,less,2
2,2,11,4.058,2,more,2
2,2,9,2.2619999999999996,3,more,2
2,2,8,3.4170000000000003,1,more,2
2,2,1,0.573,0,more,2
2,2,2,0.665,1,equal,2
2,2,11,3.047,2,more,2
2,2,14,-2.1270000000000002,7,less,2
2,2,11,1.7809999999999997,3,more,2
2,2,1,-0.989,1,less,2
2,2,2,0.357,1,equal,2
2,2,1,-0.183,1,less,2
2,2,2,0.287,0,more,2
2,2,9,2.271,2,more,2
2,2,2,0.49499999999999994,1,equal,2
2,2,11,4.246,1,more,2
2,2,1,-0.892,1,less,2
4,3,8,2.6020000000000003,0,more,2
4,3,10,2.1610000000000005,2,more,2
4,3,9,-7.823,7,less,2
4,3,2,1.877,0,more,2
4,3,2,0.812,0,more,2
4,3,2,-0.201,1,equal,2
4,3,7,2.714,1,more,2
4,3,2,-0.833,2,less,2
4,3,7,-0.15700000000000014,3,more,2
4,3,5,2.181,1,more,2
4,3,4,0.44599999999999995,1,more,2
4,3,2,1.9989999999999999,0,more,2
4,3,2,-0.271,1,less,2
4,3,1,1.181,0,more,2
4,3,3,0.127,0,more,2
4,3,5,0.7110000000000001,2,equal,2
4,3,3,0.125,1,equal,2
4,3,5,2.42,0,more,2
4,3,13,0.997,3,more,2
4,3,9,-0.0779999999999999,3,more,2
4,3,2,0.753,0,more,2
4,3,1,1.36,0,more,2
4,3,3,-1.092,2,less,2
4,3,5,3.154000000000001,2,equal,2
4,3,2,-1.6589999999999998,2,less,2
4,3,3,0.614,0,more,2
4,3,5,-1.003,1,more,2
4,3,3,-0.685,2,less,2
4,3,5,3.7609999999999997,1,more,2
4,3,10,2.798,2,more,2
4,3,6,2.5090000000000003,3,equal,2
4,3,9,1.04,4,more,2
4,3,6,2.13,1,more,2
4,3,6,1.7399999999999998,0,more,2
4,3,8,1.699,1,more,2
4,3,3,0.20799999999999996,2,less,2
4,3,1,0,0,equal,2
4,3,1,0.091,0,more,2
4,3,2,0.151,0,more,2
4,3,2,-0.18,1,equal,2
4,3,15,9.908999999999999,0,more,2
4,3,2,0,0,equal,2
4,3,7,3.555,0,more,2
4,3,2,0.867,1,equal,2
4,3,3,3.878,0,more,2
4,3,1,1.441,0,more,2
4,3,7,-1.9849999999999999,5,less,2
4,3,5,4.124,0,more,2
4,3,3,1.4100000000000001,0,more,2
4,3,1,0,0,more,2
4,3,9,3.257,1,more,2
4,3,12,3.0149999999999997,2,more,2
4,3,1,0.026,0,more,2
4,3,5,0.16900000000000018,2,equal,2
4,3,9,0.47099999999999986,2,more,2
4,3,1,0.117,0,more,2
4,3,9,2.2619999999999996,3,more,2
4,3,8,2.932,0,more,2
4,3,11,0.327,3,more,2
4,3,3,3.045,0,more,2
4,3,1,0.573,0,more,2
4,3,1,0.481,0,more,2
4,3,11,3.047,2,more,2
4,3,6,3.1300000000000003,1,more,2
4,3,2,0.623,0,more,2
4,3,4,2.362,0,more,2
4,3,7,0.8960000000000001,3,more,2
4,3,3,-0.74,1,equal,2
4,3,6,0.28700000000000003,1,more,2
4,3,10,4.7,0,more,2
4,3,5,1.4589999999999999,1,more,2
4,3,9,1.2329999999999999,4,more,2
4,3,9,1.627,2,more,2
4,3,1,1.181,0,more,2
4,3,10,5.6979999999999995,2,more,2
2,2,3,-0.6739999999999999,2,less,0
2,2,1,0.343,0,more,0
2,2,1,1.884,0,more,0
2,2,5,0.87,2,less,0
2,2,1,0,0,more,0
2,2,1,0.315,0,more,0
2,2,12,2.3369999999999997,3,more,0
2,2,1,0.863,0,more,0
2,2,1,-0.451,1,less,0
2,2,4,-0.5880000000000001,1,equal,0
2,2,1,0.338,0,more,0
2,2,3,0.093,0,more,0
2,2,6,-0.8270000000000002,3,less,0
2,2,9,-1.2189999999999999,3,equal,0
2,2,2,0.549,0,more,0
2,2,2,0.035,1,equal,0
2,2,2,1.8030000000000002,0,more,0
2,2,3,0.012,0,more,0
2,2,2,-0.05700000000000005,1,equal,0
2,2,2,-1.66,2,less,0
2,2,3,1.7630000000000001,1,more,0
2,2,7,4.775,0,more,0
2,2,4,0.6380000000000002,2,less,0
2,2,1,-0.31,1,less,0
2,2,2,0.59,0,more,0
2,2,2,0.714,0,more,0
2,2,5,-0.459,3,less,0
2,2,3,0.586,2,less,0
2,2,4,0.904,1,more,0
2,2,7,4.436,1,more,0
2,2,4,-1.635,2,equal,0
2,2,3,-1.032,2,less,0
2,2,2,-0.122,1,equal,0
2,2,1,0,0,equal,0
2,2,1,0.483,0,more,0
2,2,8,1.7670000000000001,0,more,0
2,2,2,0.7050000000000001,0,more,0
2,2,2,-0.946,2,less,0
2,2,3,0.44699999999999984,1,more,0
2,2,4,2.284,0,more,0
2,2,2,-0.7070000000000001,1,equal,0
2,2,1,0.156,0,more,0
2,2,3,0.30699999999999994,1,more,0
2,2,4,2.436,0,more,0
2,2,2,0.10300000000000001,1,equal,0
2,2,4,0.06699999999999995,1,equal,0
2,2,1,0.599,0,more,0
2,2,2,-0.095,1,equal,0
2,2,2,-0.5780000000000001,1,equal,0
2,2,5,-3.723,3,less,0
2,2,3,-0.18899999999999997,1,equal,0
2,2,2,1.653,0,more,0
2,2,3,0.10999999999999999,1,equal,0
2,2,6,2.3890000000000002,0,more,0
2,2,3,1.2890000000000001,0,more,0
2,2,5,-0.4870000000000001,3,less,0
2,2,3,-0.433,2,less,0
2,2,1,-0.061,1,less,0
2,2,2,-0.13,2,less,0
2,2,2,-2.588,2,less,0
2,2,1,-0.412,1,less,0
2,2,6,1.1580000000000001,1,more,0
2,2,12,2.0549999999999997,4,more,0
2,2,3,0.289,0,more,0
2,2,1,0,0,equal,0
2,2,7,-0.966,2,more,0
2,2,2,-0.31100000000000005,1,equal,0
2,2,4,1.853,0,more,0
2,2,1,0.657,0,more,0
2,2,1,0,0,equal,0
2,2,2,0.9239999999999999,0,more,0
2,2,3,-0.44300000000000006,1,more,0
2,2,1,-0.587,1,less,0
2,2,9,2.595,2,more,0
2,2,2,0,0,more,0
2,2,3,0.512,1,more,0
2,2,1,0.573,0,more,0
2,2,4,0.4919999999999999,2,equal,0
2,2,3,-1.013,2,less,0
1,0,1,0,0,equal,0
1,0,1,-0.166,1,less,0
1,0,4,0.778,1,more,0
1,0,10,1.3559999999999999,2,more,0
1,0,11,2.862,2,more,0
1,0,3,1.602,0,more,0
1,0,10,-0.624,4,less,0
1,0,2,0.488,0,more,0
1,0,4,3.241,0,more,0
1,0,1,0.439,0,more,0
1,0,3,-1.4300000000000002,2,less,0
1,0,2,0.20099999999999998,1,equal,0
1,0,2,0.359,0,more,0
1,0,3,-1.349,2,less,0
1,0,1,-0.039,1,less,0
1,0,3,1.4200000000000002,0,more,0
1,0,6,1.4729999999999999,1,more,0
1,0,2,-1.619,1,equal,0
1,0,6,2.537,1,more,0
1,0,1,0,0,more,0
1,0,8,0.8160000000000001,3,more,0
1,0,6,0.855,1,more,0
1,0,3,0.216,0,more,0
1,0,2,-0.509,2,less,0
1,0,5,2.208,1,more,0
1,0,1,0.312,0,more,0
1,0,2,2.5340000000000003,0,more,0
1,0,1,0.312,0,more,0
1,0,5,-0.18200000000000022,2,more,0
1,0,2,-1.0679999999999998,1,equal,0
1,0,5,1.512,0,more,0
1,0,6,2.67,0,more,0
1,0,1,0,0,equal,0
1,0,1,-2.996,1,less,0
1,0,5,-1.6860000000000002,3,less,0
1,0,10,4.611999999999999,2,more,0
1,0,2,1.5450000000000002,1,equal,0
1,0,11,-0.09300000000000008,5,less,0
1,0,1,0.197,0,more,0
1,0,8,3.2189999999999994,0,more,0
1,0,1,0,0,equal,0
1,0,1,0.091,0,more,0
1,0,3,0.669,0,more,0
1,0,2,0.207,0,more,0
1,0,3,0.46699999999999997,0,more,0
1,0,8,1.436,2,more,0
1,0,12,0.7720000000000002,1,more,0
1,0,9,0.32100000000000006,3,more,0
1,0,1,1.59,0,more,0
1,0,4,-0.14400000000000002,3,less,0
1,0,8,3.299,3,equal,0
1,0,9,6.175,0,more,0
1,0,7,-0.31699999999999995,3,less,0
1,0,2,0.8759999999999999,1,equal,0
1,0,7,1.669,1,more,0
1,0,3,3.023,1,more,0
1,0,9,2.8369999999999997,2,more,0
1,0,10,5.6209999999999996,2,more,0
1,0,5,3.072,1,more,0
1,0,1,0.573,0,more,0
1,0,3,1.55,0,more,0
1,0,8,0.897,2,more,0
1,0,1,2.035,0,more,0
1,0,11,3.4250000000000003,2,more,0
1,0,11,3.109,2,more,0
1,0,1,-0.853,1,less,0
1,0,9,4.252,1,more,0
1,0,1,0.428,0,more,0
1,0,11,4.515,3,more,0
1,0,1,1.884,0,more,0
1,0,7,2.7840000000000003,2,more,0
1,0,4,0.646,2,equal,0
2,0,12,2.058,3,more,1
2,0,3,0.8380000000000001,0,more,1
2,0,11,0.743,2,more,1
2,0,3,2.593,0,more,1
2,0,4,-1.3,3,less,1
2,0,3,-1.712,2,less,1
2,0,3,0.9949999999999999,1,more,1
2,0,4,1.595,0,more,1
2,0,8,2.166,3,less,1
2,0,7,-2.2680000000000002,4,less,1
2,0,11,-2.678,5,less,1
2,0,6,-0.4169999999999998,2,more,1
2,0,13,-1.362,4,equal,1
2,0,3,0.618,1,more,1
2,0,4,-0.799,2,less,1
2,0,7,-0.08599999999999997,2,more,1
2,0,7,-0.094,2,more,1
2,0,2,0.453,0,more,1
2,0,10,-1.721,4,more,1
2,0,11,1.1110000000000002,5,equal,1
2,0,2,1.381,0,more,1
2,0,12,-2.8529999999999998,6,equal,1
2,0,9,1.9459999999999997,2,more,1
2,0,10,-0.03400000000000014,3,more,1
2,0,10,-11.744000000000002,8,less,1
2,0,7,-0.9,3,equal,1
2,0,5,-0.16100000000000003,1,more,1
2,0,11,-2.9360000000000004,6,less,1
2,0,9,-0.9430000000000001,4,less,1
2,0,7,2.433,0,more,1
2,0,7,-4.21,4,less,1
2,0,7,0.09800000000000006,2,more,1
2,0,6,-1.0610000000000004,1,more,1
2,0,2,1.58,0,more,1
2,0,13,3.118,3,more,1
2,0,9,-1.7460000000000004,3,equal,1
2,0,9,-2.662,5,less,1
2,0,5,1.165,1,more,1
2,0,7,-0.15100000000000002,1,equal,1
2,0,2,-0.9639999999999999,1,equal,1
2,0,2,0.098,1,equal,1
2,0,4,0,0,equal,1
2,0,3,0.9099999999999999,0,more,1
2,0,13,3.274,2,more,1
2,0,11,0.42699999999999994,2,more,1
2,0,6,3.075,1,more,1
2,0,9,1.9239999999999997,1,more,1
2,0,10,-2.176,3,more,1
2,0,4,-0.21400000000000002,1,more,1
2,0,5,0.8029999999999999,1,more,1
2,0,6,3.113,2,more,1
2,0,3,1.904,0,more,1
2,0,11,1.7369999999999999,4,more,1
2,0,12,-2.202,7,less,1
2,0,5,-2.319,4,less,1
2,0,14,-1.8450000000000002,6,less,1
2,0,2,-0.13,1,less,1
2,0,9,1.5170000000000001,0,more,1
2,0,3,-2.233,2,less,1
2,0,12,-1.611,5,equal,1
2,0,4,1.194,1,more,1
2,0,10,-0.993,4,less,1
2,0,3,2.6710000000000003,0,more,1
2,0,10,2.2230000000000003,1,more,1
2,0,1,0.662,0,more,1
2,0,12,0.016999999999999738,5,equal,1
2,0,6,0.71,1,more,1
2,0,10,3.052,0,more,1
2,0,3,-0.335,1,less,1
2,0,9,-1.2400000000000002,3,more,1
2,0,12,4.857000000000001,1,more,1
2,0,11,2.504,3,more,1
2,0,8,0.854,1,more,1
2,0,1,0.342,0,more,1
2,0,10,0.69,6,less,1
2,0,8,2.075,0,more,1
2,0,7,0.08599999999999997,2,equal,1
2,0,9,0.062000000000000055,2,more,1
2,0,12,-2.8659999999999997,7,less,1
2,0,4,-0.647,1,less,1
2,0,5,-0.575,3,less,1
2,0,10,0.705,2,more,1
2,0,3,-0.538,1,equal,1
2,0,1,0.573,0,more,1
2,0,3,-1.296,1,less,1
2,0,5,1.666,0,more,1
2,0,7,2.607,0,more,1
2,0,8,0.11399999999999999,1,more,1
2,0,13,3.7569999999999983,3,more,1
3,1,1,0.662,0,more,2
3,1,1,-0.098,1,less,2
3,1,4,-0.751,1,more,2
3,1,3,0.023000000000000007,2,less,2
3,1,3,0.43699999999999994,1,equal,2
3,1,5,-3.2809999999999997,3,less,2
3,1,1,0.305,0,more,2
3,1,10,1.8250000000000002,4,more,2
3,1,10,5.1690000000000005,1,more,2
3,1,10,3.2560000000000002,3,more,2
3,1,1,0,0,equal,2
3,1,2,1.665,0,more,2
3,1,11,3.4,3,more,2
3,1,1,-1.323,1,less,2
3,1,5,0.37,2,equal,2
3,1,2,0,0,equal,2
3,1,2,0.396,1,equal,2
3,1,1,0,0,equal,2
3,1,3,-0.10199999999999998,2,less,2
3,1,4,0,0,equal,2
3,1,3,-1.561,1,equal,2
3,1,1,-0.011,1,less,2
3,1,2,0.73,0,more,2
3,1,1,1.379,0,more,2
3,1,8,3.3840000000000003,0,more,2
3,1,14,1.521,4,more,2
3,1,3,-0.353,1,less,2
3,1,2,0.662,0,more,2
3,1,1,0.225,0,more,2
3,1,2,0.47600000000000003,0,more,2
3,1,1,0.73,0,more,2
3,1,11,2.0780000000000003,2,more,2
3,1,1,0,0,equal,2
3,1,1,0,0,more,2
3,1,11,8.596,2,more,2
3,1,1,-0.146,1,less,2
3,1,8,0.46799999999999997,3,less,2
3,1,5,1.428,0,more,2
3,1,13,0.2660000000000001,6,less,2
3,1,7,5.734999999999999,0,more,2
3,1,3,2.312,0,more,2
3,1,2,0.159,1,equal,2
3,1,7,4.465000000000001,0,more,2
3,1,4,1.092,1,more,2
3,1,2,0.064,0,more,2
3,1,2,0.551,0,more,2
3,1,6,0.747,0,more,2
3,1,1,-0.146,1,less,2
3,1,7,1.855,0,more,2
3,1,11,4.058,2,more,2
3,1,9,2.2619999999999996,3,more,2
3,1,6,1.013,1,more,2
3,1,1,-0.49,1,less,2
3,1,1,0.028,0,more,2
3,1,2,1.162,0,more,2
3,1,1,0.573,0,more,2
3,1,1,-0.102,1,less,2
3,1,11,3.047,2,more,2
3,1,12,2.867,2,more,2
3,1,1,2.035,0,more,2
3,1,10,3.6230000000000007,1,more,2
3,1,9,2.271,2,more,2
3,1,15,3.3009999999999997,2,more,2
3,1,10,0.02500000000000019,3,more,2
3,1,11,4.246,1,more,2
3,1,1,1.181,0,more,2
2,0,3,1.127,0,more,1
2,0,2,-0.881,1,equal,1
2,0,1,-0.073,1,less,1
2,0,2,-0.09100000000000008,1,equal,1
2,0,1,0,0,equal,1
2,0,2,2.167,0,more,1
2,0,6,1.0590000000000002,4,less,1
2,0,3,0.597,0,more,1
2,0,5,1.03,1,more,1
2,0,1,0.543,0,more,1
2,0,5,0.31299999999999994,2,equal,1
2,0,2,0.695,0,more,1
2,0,6,-0.76,2,less,1
2,0,3,-1.181,3,less,1
2,0,3,-0.797,3,less,1
2,0,2,0.757,0,more,1
2,0,1,0.402,0,more,1
2,0,6,-0.07999999999999999,3,less,1
2,0,1,-0.2,1,less,1
2,0,1,-2.996,1,less,1
2,0,3,-0.099,1,less,1
2,0,2,-1.3650000000000002,1,equal,1
2,0,5,-1.022,1,less,1
2,0,3,1.335,0,more,1
2,0,9,3.117,1,more,1
2,0,1,0.43,0,more,1
2,0,10,1.85,3,more,1
2,0,2,0.23099999999999998,1,equal,1
2,0,14,0.10699999999999976,5,more,1
2,0,3,0.383,0,more,1
2,0,2,-0.30699999999999994,1,equal,1
2,0,7,1.464,2,equal,1
2,0,2,0.491,1,equal,1
2,0,2,-0.862,2,less,1
2,0,4,1.9889999999999999,2,equal,1
2,0,1,0.246,0,more,1
2,0,4,0.19699999999999998,2,less,1
2,0,8,-2.06,5,less,1
2,0,2,-0.133,1,less,1
2,0,1,-1.823,1,less,1
2,0,3,-0.4580000000000001,1,more,1
2,0,1,0.703,0,more,1
2,0,3,-0.261,2,less,1
2,0,5,1.1300000000000001,1,more,1
2,0,1,0.299,0,more,1
2,0,2,0.755,1,equal,1
2,0,4,-0.312,1,equal,1
2,0,3,-1.682,2,less,1
2,0,1,0.703,0,more,1
2,0,3,-1.3800000000000001,1,equal,1
2,0,3,0.835,0,more,1
2,0,2,0.613,0,more,1
2,0,1,0.355,0,more,1
2,0,2,0.8420000000000001,1,equal,1
2,0,2,-1.998,2,less,1
2,0,1,0.017,0,more,1
2,0,8,-4.446999999999999,6,less,1
2,0,10,1.3980000000000001,2,more,1
2,0,2,-0.403,1,equal,1
2,0,1,-0.299,1,less,1
2,0,1,0.573,0,more,1
2,0,2,-0.515,1,less,1
2,0,1,-0.217,1,less,1
2,0,3,1.142,0,more,1
2,0,1,0.662,0,more,1
2,0,8,1.5710000000000002,3,equal,1
2,0,4,-0.22399999999999998,1,equal,1
2,0,2,3.414,0,more,1
2,0,1,0.091,0,more,1
2,0,1,0.287,0,more,1
2,0,2,-0.14200000000000002,1,equal,1
2,1,2,-0.707,1,less,2
2,1,1,-0.159,1,less,2
2,1,3,-0.8180000000000001,2,less,2
2,1,2,0.973,0,more,2
2,1,4,-0.135,1,more,2
2,1,4,0.403,1,more,2
2,1,1,0.205,0,more,2
2,1,1,0.838,0,more,2
2,1,3,-0.392,1,less,2
2,1,2,0.826,0,more,2
2,1,2,1.8559999999999999,0,more,2
2,1,3,0.7320000000000001,0,more,2
2,1,11,1.9790000000000003,3,more,2
2,1,1,0.091,0,more,2
2,1,3,0.344,1,more,2
2,1,6,2.756,0,more,2
2,1,3,1.646,1,more,2
2,1,1,0.256,0,more,2
2,1,3,-1.911,1,less,2
2,1,2,-0.010000000000000009,1,equal,2
2,1,1,0.323,0,more,2
2,1,2,-0.44799999999999995,1,equal,2
2,1,7,3.1910000000000003,0,more,2
2,1,2,1.4040000000000001,0,more,2
2,1,1,-0.412,1,less,2
2,1,1,0.246,0,more,2
2,1,1,-2.05,1,less,2
2,1,5,2.5700000000000003,1,more,2
2,1,3,1.36,0,more,2
2,1,1,0.341,0,more,2
2,1,1,0.26,0,more,2
2,1,1,0.452,0,more,2
2,1,9,0.08400000000000009,3,more,2
2,1,1,0.091,0,more,2
2,1,1,0,0,equal,2
2,1,13,0.834,4,more,2
2,1,1,0.062,0,more,2
2,1,3,1.214,0,more,2
2,1,6,-0.353,2,less,2
2,1,4,0.07999999999999996,2,equal,2
2,1,4,-0.989,1,less,2
2,1,7,1.766,0,more,2
2,1,4,-0.492,2,less,2
2,1,7,1.3599999999999999,1,more,2
2,1,5,0.247,2,equal,2
2,1,3,0.183,1,equal,2
2,1,1,0.092,0,more,2
2,1,8,2.8770000000000007,1,more,2
2,1,3,3.0340000000000003,0,more,2
2,1,1,-0.524,1,less,2
2,1,2,1.281,0,more,2
2,1,1,0.305,0,more,2
2,1,1,1.045,0,more,2
2,1,1,0.573,0,more,2
2,1,3,1.0030000000000001,1,more,2
2,1,2,2.0509999999999997,0,more,2
2,1,2,0.811,0,more,2
2,1,2,0.153,1,equal,2
2,1,2,1.54,0,more,2
2,1,2,-0.252,1,equal,2
2,1,9,3.544,1,more,2
2,1,3,-1.033,1,more,2
2,1,1,1.181,0,more,2
1,0,1,0,0,equal,2
1,0,3,-0.129,1,less,2
1,0,5,0.968,2,more,2
1,0,8,2.3129999999999997,2,more,2
1,0,3,1.277,0,more,2
1,0,6,0.363,2,more,2
1,0,1,0.841,0,more,2
1,0,3,1.5190000000000001,1,more,2
1,0,12,0.08299999999999996,5,less,2
1,0,9,-2.4720000000000004,7,less,2
1,0,2,-0.064,2,less,2
1,0,1,-0.224,1,less,2
1,0,10,3.2700000000000005,3,more,2
1,0,5,-0.6890000000000001,1,equal,2
1,0,3,-0.492,2,less,2
1,0,7,-0.45199999999999996,4,less,2
1,0,3,0.187,1,more,2
1,0,3,0.7730000000000001,1,more,2
1,0,2,-1.375,2,less,2
1,0,1,0.727,0,more,2
1,0,2,0.588,0,more,2
1,0,2,-0.29300000000000004,1,equal,2
1,0,2,0,0,equal,2
1,0,8,1.706,1,more,2
1,0,1,0,0,equal,2
1,0,5,1.503,1,more,2
1,0,2,1.273,0,more,2
1,0,3,0.11899999999999991,1,more,2
1,0,2,-0.235,2,less,2
1,0,4,3.1069999999999998,0,more,2
1,0,9,0.25500000000000034,3,more,2
1,0,2,-0.622,1,less,2
1,0,5,1.4419999999999997,1,more,2
1,0,4,1.001,0,more,2
1,0,2,-0.707,1,less,2
1,0,5,0.928,2,more,2
1,0,1,0,0,equal,2
1,0,1,1.273,0,more,2
1,0,4,-0.573,1,equal,2
1,0,1,0.207,0,more,2
1,0,1,0,0,equal,2
1,0,5,2.8280000000000003,0,more,2
1,0,3,1.032,0,more,2
1,0,7,2.4899999999999998,0,more,2
1,0,6,-2.0360000000000005,3,less,2
1,0,4,0.22400000000000003,2,less,2
1,0,2,0.189,1,equal,2
1,0,4,-2.1079999999999997,4,less,2
1,0,7,0.9159999999999999,1,more,2
1,0,7,1.111,2,more,2
1,0,4,0.08699999999999997,2,less,2
1,0,1,0.651,0,more,2
1,0,1,0.838,0,more,2
1,0,1,-0.629,1,less,2
1,0,1,-0.817,1,less,2
1,0,1,-0.102,1,less,2
1,0,5,-0.821,3,less,2
1,0,3,-0.9620000000000001,2,less,2
1,0,1,0.156,0,more,2
1,0,9,0.887,2,more,2
1,0,1,0.573,0,more,2
1,0,1,-1.165,1,less,2
1,0,9,-2.351,6,less,2
1,0,3,-0.018000000000000016,2,less,2
1,0,2,0.365,0,more,2
1,0,4,0.288,0,more,2
1,0,1,-0.927,1,less,2
1,0,2,-0.0049999999999999906,1,equal,2
1,0,2,-1.322,2,less,2
1,0,3,-0.022999999999999965,1,more,2
4,3,2,-0.166,1,less,4
4,3,6,-0.26400000000000007,4,less,4
4,3,3,3.0370000000000004,0,more,4
4,3,2,1.07,1,equal,4
4,3,3,0.49,1,more,4
4,3,4,0.775,1,more,4
4,3,7,-0.638,2,equal,4
4,3,6,2.199,0,more,4
4,3,11,1.592,3,more,4
4,3,1,0,0,equal,4
4,3,3,0.30199999999999994,1,more,4
4,3,1,-0.469,1,less,4
4,3,5,0.844,0,more,4
4,3,5,1.775,1,more,4
4,3,6,-1.2759999999999998,3,less,4
4,3,6,1.288,1,more,4
4,3,10,2.121,2,more,4
4,3,4,0.49,0,more,4
4,3,8,0.27900000000000014,4,equal,4
4,3,9,3.5309999999999997,1,more,4
4,3,5,-1.571,3,less,4
4,3,1,0.838,0,more,4
4,3,5,-0.6629999999999999,2,equal,4
4,3,3,-0.54,1,equal,4
4,3,1,1.642,0,more,4
4,3,9,0.2880000000000001,2,more,4
4,3,2,-0.39,1,less,4
4,3,11,0.892,5,less,4
4,3,2,0.416,1,equal,4
4,3,3,2.682,0,more,4
4,3,5,0.7070000000000001,0,more,4
4,3,5,0.034999999999999976,2,equal,4
4,3,8,-1.675,4,less,4
4,3,2,-0.18299999999999997,1,equal,4
4,3,4,1.8519999999999999,1,more,4
4,3,6,-0.9209999999999998,5,less,4
4,3,7,4.436,1,more,4
4,3,6,-1.435,3,equal,4
4,3,1,1.576,0,more,4
4,3,2,0.604,0,more,4
4,3,1,-0.191,1,less,4
4,3,5,0.069,1,equal,4
4,3,8,1.1279999999999997,3,more,4
4,3,2,1.306,0,more,4
4,3,4,2.09,0,more,4
4,3,9,2.487,0,more,4
4,3,8,1.275,4,equal,4
4,3,2,1.068,0,more,4
4,3,3,0.09599999999999995,1,more,4
4,3,5,1.421,1,more,4
4,3,5,2.985,0,more,4
4,3,3,-0.09100000000000003,1,more,4
4,3,10,1.183,3,more,4
4,3,4,2.069,1,more,4
4,3,7,1.124,0,more,4
4,3,3,3.876,0,more,4
4,3,2,-2.435,1,less,4
4,3,3,-0.08400000000000002,1,equal,4
4,3,2,1.753,0,more,4
4,3,6,1.7510000000000001,2,more,4
4,3,4,1.116,0,more,4
4,3,2,1.9,0,more,4
4,3,12,1.4040000000000004,3,more,4
4,3,2,1.975,0,more,4
4,3,7,0.173,2,more,4
4,3,1,0,0,equal,4
4,3,10,1.5950000000000002,3,more,4
4,3,7,2.8549999999999995,1,more,4
4,3,3,1.4369999999999998,0,more,4
4,3,4,0.388,1,equal,4
4,3,3,-1.722,2,less,4
4,3,2,0.281,0,more,4
4,3,2,0.7919999999999999,1,equal,4
4,3,5,1.2489999999999999,1,more,4
4,3,5,-3.0170000000000003,4,less,4
4,3,3,3.2590000000000003,0,more,4
4,3,1,0.604,0,more,4
4,3,1,0.377,0,more,4
4,3,5,-0.4979999999999999,3,less,4
4,3,4,1.117,1,more,4
4,3,7,0.30800000000000005,3,equal,4
4,3,6,0.395,3,equal,4
4,3,4,0.34299999999999997,1,more,4
4,3,1,0.573,0,more,4
4,3,8,1.549,0,more,4
4,3,3,0.46699999999999997,0,more,4
4,3,1,0.03,0,more,4
4,3,9,1.6750000000000003,3,more,4
0,0,3,-2.206,2,less,0
0,0,3,0,0,equal,0
0,0,4,2.174,0,more,0
0,0,2,0.16899999999999998,1,equal,0
0,0,2,1.239,0,more,0
0,0,4,-0.05299999999999999,1,equal,0
0,0,4,-0.831,2,less,0
0,0,4,2.0509999999999997,0,more,0
0,0,12,3.6790000000000007,3,more,0
0,0,10,-2.2580000000000005,5,less,0
0,0,5,2.3600000000000003,0,more,0
0,0,2,0.133,1,equal,0
0,0,7,0.99,2,less,0
0,0,3,-0.7150000000000001,1,equal,0
0,0,9,-1.1909999999999998,4,less,0
0,0,2,1.4500000000000002,0,more,0
0,0,4,-0.996,3,less,0
0,0,2,-0.235,1,equal,0
0,0,8,0.3970000000000001,2,more,0
0,0,3,0.261,1,more,0
0,0,3,0.18,1,equal,0
0,0,4,0.715,0,more,0
0,0,11,-1.007,3,equal,0
0,0,7,1.162,1,more,0
0,0,11,0.8560000000000001,3,more,0
0,0,1,1.576,0,more,0
0,0,1,0.501,0,more,0
0,0,3,-1.559,2,less,0
0,0,3,-0.384,3,less,0
0,0,1,0.724,0,more,0
0,0,1,0.064,0,more,0
0,0,2,1.485,0,more,0
0,0,7,1.6480000000000001,1,more,0
0,0,2,0.786,0,more,0
0,0,2,0.5609999999999999,0,more,0
0,0,2,-0.261,1,equal,0
0,0,6,0.895,1,more,0
0,0,1,0.375,0,more,0
0,0,3,-0.36,1,less,0
0,0,3,-0.04600000000000004,1,equal,0
0,0,4,1.202,1,more,0
0,0,2,0.006999999999999951,1,equal,0
0,0,5,-0.319,1,more,0
0,0,4,0.4,1,equal,0
0,0,3,-0.969,1,equal,0
0,0,3,1.063,0,more,0
0,0,9,3.8859999999999997,0,more,0
0,0,1,0.156,0,more,0
0,0,2,0.122,1,equal,0
0,0,3,0.292,2,less,0
0,0,9,0.8960000000000002,3,more,0
0,0,4,0.124,0,more,0
0,0,3,1.42,0,more,0
0,0,1,-0.13,1,less,0
0,0,3,-0.22399999999999998,2,less,0
0,0,2,0.817,0,more,0
0,0,5,-3.5040000000000004,4,less,0
0,0,3,1.8930000000000002,2,less,0
0,0,4,2.269,0,more,0
0,0,2,0.893,0,more,0
0,0,1,-0.117,1,less,0
0,0,10,2.2199999999999998,4,more,0
0,0,3,0.974,0,more,0
0,0,7,0.506,3,more,0
0,0,3,0.263,1,equal,0
0,0,3,0.794,0,more,0
0,0,5,1.673,1,more,0
0,0,6,0.37599999999999995,1,more,0
0,0,4,1.031,0,more,0
0,0,6,0.922,1,more,0
0,0,2,0.452,0,more,0
0,0,3,2.81,0,more,0
0,0,1,-0.342,1,less,0
0,0,2,-0.23399999999999999,2,less,0
0,0,5,0.544,2,more,0
0,0,3,2.601,0,more,0
0,0,1,0,0,equal,0
0,0,7,2.465,1,more,0
0,0,6,-0.9980000000000001,2,equal,0
0,0,8,0.23800000000000004,3,more,0
0,0,1,0.581,0,more,0
0,0,5,2.024,0,more,0
0,0,4,-2.3789999999999996,4,less,0
0,0,1,-0.146,1,less,0
0,0,4,0.905,1,more,0
0,0,1,0.573,0,more,0
0,0,1,0,0,more,0
0,0,9,0.924,4,more,0
0,0,13,3.7569999999999983,3,more,0
0,0,2,-0.769,2,less,0
0,0,4,-0.20700000000000002,2,equal,0
0,0,10,1.5250000000000006,6,less,0
0,0,1,-0.07,1,less,0
0,0,4,2.809,1,more,0
0,0,3,1.382,0,more,0
0,0,2,0.064,0,more,0
0,0,2,0.694,0,more,0
0,0,1,-0.729,1,less,0
0,0,3,0.141,0,more,0
0,0,6,2.2070000000000003,0,more,0
0,0,2,0.066,0,more,0
0,0,3,2.628,1,more,0
0,0,4,3.315,0,more,0
0,0,1,0.135,0,more,0
0,0,5,2.783,2,more,0
0,0,2,-1.7939999999999998,1,equal,0
0,0,1,0,0,more,0
0,0,2,0.5660000000000001,0,more,0
0,0,5,2.48,0,more,0
0,0,2,-1.659,1,equal,0
0,0,2,-0.466,1,less,0
0,0,2,1.9089999999999998,0,more,0
0,0,3,-0.6839999999999999,1,more,0
0,0,1,0,0,equal,0
0,0,2,-1.585,2,less,0
0,0,3,3.5850000000000004,0,more,0
0,0,4,-0.7240000000000001,1,more,0
0,0,1,-0.505,1,less,0
0,0,5,-0.13300000000000003,2,equal,0
0,0,7,-0.8990000000000002,3,equal,0
0,0,2,1.536,0,more,0
0,0,1,0.573,0,more,0
0,0,1,1.197,0,more,0
0,0,3,0.871,0,more,0
0,0,3,0.24,0,more,0
0,0,2,-0.577,2,less,0
0,0,1,-0.127,1,less,0
0,0,4,-0.954,3,less,0
0,0,1,0.156,0,more,0
0,0,3,2.238,0,more,0
0,0,1,-0.098,1,less,0
0,0,6,0.8059999999999998,1,more,0
0,0,7,1.8050000000000002,1,more,0
0,0,1,1.576,0,more,0
0,0,1,0.644,0,more,0
0,0,6,1.585,1,more,0
0,0,3,-0.153,2,less,0
0,0,2,1.052,0,more,0
0,0,6,2.372,1,more,0
0,0,8,1.238,2,more,0
0,0,1,-0.019,1,less,0
0,0,8,1.843,2,more,0
0,0,1,0.064,0,more,0
0,0,7,0.10600000000000001,2,more,0
0,0,4,2.4509999999999996,0,more,0
0,0,7,1.026,2,more,0
0,0,3,-1.404,1,equal,0
0,0,2,1.899,0,more,0
0,0,1,0.117,0,more,0
0,0,2,-0.785,2,less,0
0,0,2,2.8280000000000003,0,more,0
0,0,6,2.6630000000000003,1,more,0
0,0,2,0.5409999999999999,0,more,0
0,0,1,-0.49,1,less,0
0,0,2,1.212,0,more,0
0,0,2,-1.066,1,equal,0
0,0,5,1.425,0,more,0
0,0,5,0.756,0,more,0
0,0,2,-0.629,1,equal,0
0,0,5,2.521,1,more,0
0,0,5,0.8039999999999999,2,more,0
0,0,2,0.7949999999999999,0,more,0
0,0,4,-0.126,1,more,0
0,0,10,2.963,1,more,0
0,0,2,0.083,1,equal,0
0,0,1,0.204,0,more,0
0,0,4,0.359,0,more,0
0,0,5,0.8440000000000001,2,more,0
0,0,5,1.7120000000000002,1,more,0
0,0,6,0.935,2,more,0
0,0,7,0.407,1,more,0
0,0,1,0.38,0,more,0
0,0,2,-0.694,2,less,0
0,0,1,0,0,equal,0
0,0,5,0.8140000000000001,2,equal,0
0,0,1,1.019,0,more,0
0,0,3,3.0549999999999997,0,more,0
0,0,1,0.722,0,more,0
0,0,3,1.4040000000000004,1,more,0
0,0,1,0.326,0,more,0
0,0,1,0,0,equal,0
0,0,3,0.25499999999999995,1,more,0
0,0,3,0.388,0,more,0
0,0,6,1.624,1,more,0
0,0,4,0.723,2,equal,0
0,0,6,0.4389999999999999,1,more,0
0,0,4,-1.953,2,less,0
0,0,9,-0.1369999999999999,2,more,0
0,0,9,-1.3089999999999997,3,more,0
0,0,1,0.573,0,more,0
0,0,1,0,0,equal,0
0,0,1,2.035,0,more,0
0,0,2,-1.296,1,less,0
0,0,1,-0.462,1,less,0
0,0,3,0.909,0,more,0
0,0,5,-1.092,2,less,0
0,0,3,0.5900000000000001,1,more,0
0,0,6,3.4910000000000005,0,more,0
0,0,5,1.3430000000000002,1,more,0
0,0,3,0.22199999999999998,1,equal,0
0,0,2,1.105,0,more,0
3,1,9,-0.7059999999999998,4,less,1
3,1,1,0,0,equal,1
3,1,2,-0.131,1,less,1
3,1,11,2.5940000000000003,3,more,1
3,1,2,-0.44200000000000006,1,equal,1
3,1,1,0,0,equal,1
3,1,3,0.025999999999999995,2,less,1
3,1,1,-1.176,1,less,1
3,1,1,0.355,0,more,1
3,1,1,-0.378,1,less,1
3,1,7,1.7819999999999998,1,more,1
3,1,7,-2.048,4,less,1
3,1,10,0.694,3,more,1
3,1,5,-0.44399999999999973,2,equal,1
3,1,3,0.251,2,less,1
3,1,6,3.083,1,more,1
3,1,1,0,0,equal,1
3,1,2,-0.201,2,less,1
3,1,2,2.059,0,more,1
3,1,4,-1.6909999999999998,2,less,1
3,1,2,-0.9289999999999999,2,less,1
3,1,1,-0.909,1,less,1
3,1,1,0.599,0,more,1
3,1,7,-1.359,4,less,1
3,1,2,1.5310000000000001,0,more,1
3,1,2,0,0,more,1
3,1,8,-0.03200000000000003,4,less,1
3,1,2,0.673,0,more,1
3,1,1,0.973,0,more,1
3,1,2,2.096,0,more,1
3,1,1,-0.426,1,less,1
3,1,11,0.28200000000000003,5,equal,1
3,1,8,-0.37900000000000006,1,more,1
3,1,2,-0.02700000000000001,1,equal,1
3,1,1,-1.308,1,less,1
3,1,6,-3.527,3,less,1
3,1,2,0.117,0,more,1
3,1,6,1.329,1,more,1
3,1,5,-0.041999999999999954,2,equal,1
3,1,1,0.503,0,more,1
3,1,20,5.44,0,more,1
3,1,10,2.7560000000000002,2,more,1
3,1,10,-0.7059999999999998,4,less,1
3,1,1,0.171,0,more,1
3,1,7,1.6400000000000001,1,more,1
3,1,3,-1.513,1,less,1
3,1,2,-0.041,1,less,1
3,1,8,1.571,0,more,1
3,1,1,-0.614,1,less,1
3,1,10,1.796,4,less,1
3,1,1,0.613,0,more,1
3,1,5,0.006000000000000005,1,equal,1
3,1,4,-1.825,2,equal,1
3,1,4,1.155,0,more,1
3,1,12,1.89,5,more,1
3,1,8,-0.5249999999999999,3,less,1
3,1,12,2.867,2,more,1
3,1,1,0.573,0,more,1
3,1,9,-1.13,5,less,1
3,1,1,-0.859,1,less,1
3,1,8,0.347,3,equal,1
3,1,11,1.5610000000000002,4,more,1
3,1,3,-1.3199999999999998,3,less,1
3,1,5,0.548,0,more,1
3,1,3,-1.47,1,equal,1
3,1,6,-0.688,1,more,1
3,1,2,0.964,0,more,1
0,0,7,4.247,3,equal,0
0,0,2,-0.517,1,equal,0
0,0,3,0.017000000000000015,1,more,0
0,0,6,0.74,1,more,0
0,0,1,0.3,0,more,0
0,0,1,-1.686,1,less,0
0,0,3,-1.201,1,equal,0
0,0,2,0.20899999999999996,1,equal,0
0,0,2,-0.011,1,less,0
0,0,1,2.153,0,more,0
0,0,8,1.947,1,more,0
0,0,6,4.122000000000001,0,more,0
0,0,4,1.928,0,more,0
0,0,2,0.064,0,more,0
0,0,9,4.464,0,more,0
0,0,1,0.44,0,more,0
0,0,1,0.091,0,more,0
0,0,2,-0.204,1,less,0
0,0,1,-1.308,1,less,0
0,0,2,0.361,0,more,0
0,0,3,0.042,0,more,0
0,0,3,0.212,0,more,0
0,0,7,0.7339999999999999,2,equal,0
0,0,10,0.6489999999999998,2,more,0
0,0,2,-0.645,1,equal,0
0,0,1,0.695,0,more,0
0,0,2,0.114,0,more,0
0,0,5,-1.412,4,less,0
0,0,2,-0.21500000000000002,2,less,0
0,0,1,0,0,equal,0
0,0,1,0.001,0,more,0
0,0,1,1.075,0,more,0
0,0,1,-1.168,1,less,0
0,0,1,-0.447,1,less,0
0,0,2,0.156,0,more,0
0,0,11,2.432,3,more,0
0,0,5,1.178,1,more,0
0,0,2,-0.118,1,less,0
0,0,2,-0.426,1,equal,0
0,0,3,-1.4029999999999998,1,equal,0
0,0,2,-0.7989999999999999,1,equal,0
0,0,1,0.441,0,more,0
0,0,2,-0.982,2,less,0
0,0,11,2.034,1,more,0
0,0,1,-0.456,1,less,0
0,0,2,1.144,0,more,0
0,0,2,-0.767,1,equal,0
0,0,1,1.36,0,more,0
0,0,1,0,0,more,0
0,0,2,0.8210000000000001,0,more,0
0,0,3,0.62,0,more,0
0,0,3,-0.43699999999999994,2,less,0
0,0,11,2.8629999999999995,2,more,0
0,0,1,0.924,0,more,0
0,0,1,0.201,0,more,0
0,0,8,-0.20400000000000004,4,less,0
0,0,1,0.246,0,more,0
0,0,3,0.843,1,more,0
0,0,3,0.604,0,more,0
0,0,2,1.205,0,more,0
0,0,2,0.33699999999999997,0,more,0
0,0,6,0.6819999999999999,1,more,0
0,0,6,-1.958,3,equal,0
0,0,2,0.263,1,equal,0
0,0,3,0.064,0,more,0
0,0,4,0.647,1,equal,0
0,0,2,1.2560000000000002,1,equal,0
0,0,2,0.36300000000000004,1,equal,0
0,0,4,1.219,0,more,0
0,0,1,0.299,0,more,0
0,0,7,1.716,2,more,0
0,0,4,1.136,0,more,0
0,0,2,0.53,0,more,0
0,0,2,-0.426,1,equal,0
0,0,1,-0.342,1,less,0
0,0,1,0.573,0,more,0
0,0,9,0.48300000000000004,3,more,0
0,0,3,1.472,0,more,0
0,0,1,-1.236,1,less,0
0,0,2,0.5589999999999999,0,more,0
4,3,11,-4.434,8,less,4
4,3,1,0.655,0,more,4
4,3,1,0.566,0,more,4
4,3,10,2.0420000000000003,3,more,4
4,3,7,0.8699999999999999,1,more,4
4,3,5,2.044,1,more,4
4,3,1,-0.287,1,less,4
4,3,12,3.1310000000000002,2,more,4
4,3,7,1.2329999999999999,1,more,4
4,3,10,-8.34,7,less,4
4,3,3,1.94,1,more,4
4,3,5,-3.3999999999999995,3,less,4
4,3,8,3.141,1,more,4
4,3,4,1.51,1,more,4
4,3,9,5.404,1,more,4
4,3,1,-0.456,1,less,4
4,3,3,0,0,equal,4
4,3,8,-0.8,3,less,4
4,3,6,0.4620000000000002,2,more,4
4,3,1,0.294,0,more,4
4,3,6,0.808,1,more,4
4,3,2,0,0,more,4
4,3,4,1.06,0,more,4
4,3,1,0.073,0,more,4
4,3,3,0.857,0,more,4
4,3,12,-0.23500000000000001,4,more,4
4,3,11,3.4770000000000003,2,more,4
4,3,1,0.117,0,more,4
4,3,2,1.171,0,more,4
4,3,1,0.332,0,more,4
4,3,4,0.669,1,more,4
4,3,6,0.722,1,more,4
4,3,4,0.02000000000000003,1,more,4
4,3,2,1.3410000000000002,0,more,4
4,3,3,-0.10099999999999998,1,equal,4
4,3,2,-0.317,2,less,4
4,3,5,1.456,2,equal,4
4,3,2,0.31,0,more,4
4,3,6,1.604,2,more,4
4,3,11,3.4020000000000006,2,more,4
4,3,3,-0.33899999999999997,2,less,4
4,3,2,0.913,0,more,4
4,3,3,0.704,1,more,4
4,3,3,0.494,0,more,4
4,3,1,-1.028,1,less,4
4,3,1,-1.906,1,less,4
4,3,1,-0.142,1,less,4
4,3,7,0.529,2,more,4
4,3,2,-0.692,1,equal,4
4,3,1,-1.303,1,less,4
4,3,8,3.151,0,more,4
4,3,4,-0.337,2,less,4
4,3,5,1.2719999999999998,1,more,4
4,3,9,0.654,1,more,4
4,3,2,-0.049,1,less,4
4,3,10,0.448,3,more,4
4,3,1,-0.875,1,less,4
4,3,11,5.289999999999999,2,more,4
4,3,2,0.7969999999999999,0,more,4
4,3,2,0.9890000000000001,0,more,4
4,3,8,0.4149999999999999,3,less,4
4,3,2,-0.093,1,less,4
4,3,4,2.011,0,more,4
4,3,1,0.566,0,more,4
4,3,6,0.895,1,more,4
4,3,11,-0.12500000000000017,4,more,4
4,3,4,-0.22599999999999998,2,equal,4
4,3,8,1.914,1,more,4
4,3,5,0.24,1,more,4
4,3,1,0.573,0,more,4
4,3,9,3.844,0,more,4
4,3,11,3.1809999999999996,3,more,4
4,3,4,0.6799999999999999,1,more,4
4,3,2,-0.542,1,less,4
4,3,4,1.8170000000000002,0,more,4
4,3,5,0.41600000000000004,2,less,4
4,3,8,2.702,2,more,4
4,3,2,0.259,1,equal,4
1,1,1,0,0,equal,1
1,1,1,0.623,0,more,1
1,1,1,0,0,equal,1
1,1,11,8.379999999999999,0,more,1
1,1,4,0.26,2,equal,1
1,1,9,1.7640000000000002,1,more,1
1,1,3,0.3,0,more,1
1,1,2,0.0,1,equal,1
1,1,9,3.792,0,more,1
1,1,2,-0.28,1,less,1
1,1,2,0.032,0,more,1
1,1,1,0.091,0,more,1
1,1,8,0.688,2,more,1
1,1,5,-0.5780000000000001,1,equal,1
1,1,1,0.135,0,more,1
1,1,1,0.117,0,more,1
1,1,2,0.544,0,more,1
1,1,8,-1.1410000000000002,5,less,1
1,1,5,2.083,1,more,1
1,1,4,0.5220000000000001,1,more,1
1,1,1,-0.49,1,less,1
1,1,1,-1.209,1,less,1
1,1,2,0.091,0,more,1
1,1,3,1.346,1,more,1
1,1,3,1.114,0,more,1
1,1,6,0.196,3,less,1
1,1,8,-0.2410000000000001,4,less,1
1,1,10,-2.554,5,less,1
1,1,9,2.035,3,more,1
1,1,1,-0.011,1,less,1
1,1,1,0.591,0,more,1
1,1,1,-0.217,1,less,1
1,1,2,-1.097,2,less,1
1,1,5,1.741,0,more,1
1,1,3,-2.034,2,less,1
1,1,2,0.1329999999999999,1,equal,1
1,1,10,1.9309999999999998,4,more,1
1,1,1,1.576,0,more,1
1,1,2,2.103,0,more,1
1,1,5,3.341,0,more,1
1,1,1,1.327,0,more,1
1,1,1,-1.539,1,less,1
1,1,2,-0.269,1,equal,1
1,1,2,-1.056,1,equal,1
1,1,1,-0.76,1,less,1
1,1,5,0.343,0,more,1
1,1,2,0.923,0,more,1
1,1,2,0.434,0,more,1
1,1,14,3.7030000000000003,2,more,1
1,1,4,-0.073,1,less,1
1,1,2,-0.495,1,equal,1
1,1,3,2.6710000000000003,0,more,1
1,1,1,0.934,0,more,1
1,1,1,0.42,0,more,1
1,1,1,0.573,0,more,1
1,1,1,0,0,equal,1
1,1,6,1.315,2,more,1
1,1,3,0.311,1,equal,1
1,1,1,1.173,0,more,1
1,1,4,0.76,1,more,1
1,1,3,-0.873,2,less,1
1,1,3,0,0,more,1
1,1,5,1.5710000000000002,0,more,1
3,3,7,1.8599999999999999,2,more,4
3,3,11,3.7169999999999996,1,more,4
3,3,10,1.3559999999999999,2,more,4
3,3,10,0.643,3,more,4
3,3,10,-0.886,4,less,4
3,3,8,4.343999999999999,3,more,4
3,3,9,0.29899999999999993,5,less,4
3,3,10,3.6519999999999997,2,more,4
3,3,10,0.7550000000000001,3,more,4
3,3,11,5.590999999999999,0,more,4
3,3,12,3.767,0,more,4
3,3,10,3.1420000000000003,1,more,4
3,3,13,0.42600000000000005,3,more,4
3,3,8,4.034000000000001,0,more,4
3,3,4,0.8580000000000001,2,equal,4
3,3,10,0.591,3,more,4
3,3,11,2.825,2,more,4
3,3,12,8.837,2,more,4
3,3,8,4.792,1,more,4
3,3,13,5.373,0,more,4
3,3,12,3.616,2,more,4
3,3,11,4.61,3,more,4
3,3,12,0.39000000000000024,3,more,4
3,3,14,-0.22400000000000025,6,equal,4
3,3,9,1.4509999999999998,2,more,4
3,3,8,3.703,0,more,4
3,3,11,3.253,0,more,4
3,3,11,-0.893,4,equal,4
3,3,2,1.007,0,more,4
3,3,11,1.708,5,equal,4
3,3,5,1.662,2,more,4
3,3,12,1.095,4,more,4
3,3,11,-1.8729999999999998,6,less,4
3,3,9,0.7659999999999998,3,more,4
3,3,8,3.299,3,equal,4
3,3,12,4.45,1,more,4
3,3,11,4.484999999999999,0,more,4
3,3,10,3.5509999999999993,1,more,4
3,3,8,3.4170000000000003,1,more,4
3,3,11,2.2040000000000006,3,more,4
3,3,4,2.209,1,more,4
3,3,9,-2.3489999999999998,5,less,4
3,3,1,0.573,0,more,4
3,3,7,-1.173,4,less,4
3,3,10,3.2769999999999992,0,more,4
3,3,9,0.4400000000000001,2,more,4
3,3,2,-0.048,1,less,4
3,3,7,2.131,2,more,4
3,3,8,2.7250000000000005,1,more,4
3,3,9,4.229,0,more,4
3,3,11,4.515,3,more,4
3,3,11,-0.09300000000000008,5,less,4
2,0,3,1.783,0,more,0
2,0,12,4.3870000000000005,1,more,0
2,0,3,2.24,0,more,0
2,0,1,0.117,0,more,0
2,0,9,2.8939999999999997,2,more,0
2,0,4,0.382,0,more,0
2,0,9,0.06300000000000017,2,more,0
2,0,2,-0.809,1,less,0
2,0,1,0.647,0,more,0
2,0,9,2.155,1,more,0
2,0,1,0.428,0,more,0
2,0,4,1.045,1,more,0
2,0,5,1.745,1,more,0
2,0,3,0.06,2,less,0
2,0,5,0.32799999999999996,1,more,0
2,0,1,0.532,0,more,0
2,0,4,-0.624,1,more,0
2,0,4,0.272,1,more,0
2,0,2,0.436,0,more,0
2,0,6,1.084,2,more,0
2,0,9,3.215,0,more,0
2,0,8,3.425,1,more,0
2,0,2,-0.767,1,equal,0
2,0,9,1.6669999999999998,1,more,0
2,0,3,3.798,0,more,0
2,0,7,3.907,0,more,0
2,0,6,0.6719999999999999,1,more,0
2,0,12,-0.81,4,equal,0
2,0,12,4.882999999999999,0,more,0
2,0,6,1.3599999999999999,0,more,0
2,0,4,1.311,1,more,0
2,0,12,1.0079999999999998,1,more,0
2,0,6,1.35,1,more,0
2,0,7,-0.28100000000000014,1,more,0
2,0,6,3.9459999999999997,0,more,0
2,0,10,1.8280000000000003,2,more,0
2,0,5,0.286,1,more,0
2,0,6,0.14800000000000002,1,more,0
2,0,12,1.069,4,more,0
2,0,10,1.117,2,more,0
2,0,10,-1.58,5,less,0
2,0,1,0.091,0,more,0
2,0,1,-0.347,1,less,0
2,0,10,0.33,2,more,0
2,0,3,-0.704,1,more,0
2,0,9,1.9219999999999997,2,more,0
2,0,11,0.6559999999999999,3,more,0
2,0,4,1.847,0,more,0
2,0,7,0.8809999999999999,2,equal,0
2,0,9,4.305,1,more,0
2,0,2,0.41000000000000003,1,equal,0
2,0,11,1.514,4,equal,0
2,0,5,1.802,1,more,0
2,0,10,2.1799999999999997,3,more,0
2,0,10,4.784,3,more,0
2,0,5,2.099,1,more,0
2,0,9,1.221,3,more,0
2,0,4,2.179,0,more,0
2,0,1,-0.686,1,less,0
2,0,4,0.028999999999999998,1,equal,0
2,0,5,0.06099999999999994,1,more,0
2,0,7,-0.8370000000000001,3,less,0
2,0,10,3.236,0,more,0
2,0,11,1.037,3,more,0
2,0,5,2.476,0,more,0
2,0,1,-0.027,1,less,0
2,0,2,0.901,0,more,0
2,0,5,-0.659,3,less,0
2,0,6,-0.56,1,less,0
2,0,1,0.129,0,more,0
2,0,8,3.4170000000000003,1,more,0
2,0,1,0.573,0,more,0
2,0,11,4.024,2,more,0
2,0,6,-0.259,2,less,0
2,0,6,1.8399999999999999,0,more,0
2,0,1,0,0,equal,0
2,0,10,3.5489999999999995,0,more,0
2,0,7,0.09100000000000004,2,less,0
2,0,10,2.097,2,more,0
2,0,6,-0.21799999999999997,2,less,0
2,0,8,0.05300000000000005,3,more,0
2,0,7,1.7799999999999998,1,more,0
2,0,8,-2.043,3,equal,0
3,0,3,1.7530000000000001,0,more,0
3,0,3,0.372,1,equal,0
3,0,5,2.45,0,more,0
3,0,8,3.3289999999999997,0,more,0
3,0,1,0.617,0,more,0
3,0,11,0.08900000000000002,4,more,0
3,0,2,0.128,1,equal,0
3,0,4,0.859,0,more,0
3,0,11,2.149,1,more,0
3,0,2,0.528,1,equal,0
3,0,2,-0.834,1,equal,0
3,0,1,0.269,0,more,0
3,0,2,2.0,0,more,0
3,0,2,0.248,1,equal,0
3,0,3,0.243,0,more,0
3,0,4,2.5469999999999997,1,more,0
3,0,14,1.3559999999999999,3,more,0
3,0,7,2.9000000000000004,0,more,0
3,0,10,3.1020000000000003,3,more,0
3,0,9,-0.9810000000000003,3,more,0
3,0,5,1.439,1,more,0
3,0,2,0,0,equal,0
3,0,5,0.4649999999999999,1,more,0
3,0,6,-0.58,3,less,0
3,0,3,-0.5640000000000001,1,equal,0
3,0,5,0.294,0,more,0
3,0,3,2.1879999999999997,0,more,0
3,0,3,0.788,0,more,0
3,0,6,1.195,1,more,0
3,0,4,0.297,2,less,0
3,0,7,-3.002,3,less,0
3,0,2,1.133,0,more,0
3,0,7,3.157,0,more,0
3,0,3,0.19799999999999995,1,equal,0
3,0,5,2.489,0,more,0
3,0,3,-1.2670000000000001,1,more,0
3,0,8,-4.492,6,less,0
3,0,3,0.28200000000000003,1,equal,0
3,0,2,0.664,1,equal,0
3,0,5,1.745,0,more,0
3,0,8,1.073,2,more,0
3,0,3,1.201,0,more,0
3,0,2,0.98,0,more,0
3,0,3,1.008,0,more,0
3,0,7,-0.9220000000000002,5,less,0
3,0,6,-1.474,3,less,0
3,0,2,2.8280000000000003,0,more,0
3,0,4,0.5380000000000001,1,more,0
3,0,7,1.3679999999999999,3,less,0
3,0,5,0.263,1,more,0
3,0,2,0.901,0,more,0
3,0,9,3.789,1,more,0
3,0,6,-1.231,1,more,0
3,0,3,0.32,0,more,0
3,0,1,-1.686,1,less,0
3,0,8,4.301000000000001,1,more,0
3,0,3,0.4059999999999999,1,more,0
3,0,3,0.885,0,more,0
3,0,1,0.777,0,more,0
3,0,4,1.831,0,more,0
3,0,9,2.1929999999999996,2,more,0
3,0,7,0.002000000000000113,4,less,0
3,0,3,-1.174,1,equal,0
3,0,6,1.0170000000000001,1,more,0
3,0,6,0.601,2,more,0
3,0,3,2.138,0,more,0
3,0,4,0.26699999999999996,1,equal,0
3,0,7,1.1239999999999999,1,more,0
3,0,5,1.392,2,more,0
3,0,4,2.1559999999999997,0,more,0
3,0,2,0.752,0,more,0
3,0,5,0.15599999999999986,1,more,0
3,0,2,-1.0139999999999998,1,equal,0
3,0,1,0.962,0,more,0
3,0,4,1.894,0,more,0
3,0,3,1.759,0,more,0
3,0,8,0.4259999999999998,4,less,0
3,0,5,2.798,0,more,0
3,0,5,1.8090000000000002,1,more,0
3,0,1,0.573,0,more,0
3,0,2,-0.335,1,less,0
3,0,5,3.029,0,more,0
3,0,6,2.4610000000000003,0,more,0
3,0,9,0.5939999999999999,2,more,0
3,0,5,-0.24999999999999997,2,equal,0
3,0,2,0.26,0,more,0
2,0,2,0.28,0,more,0
2,0,2,1.5739999999999998,0,more,0
2,0,3,0.276,0,more,0
2,0,4,0.863,1,more,0
2,0,2,0.594,0,more,0
2,0,2,-0.978,2,less,0
2,0,1,-1.308,1,less,0
2,0,1,-0.082,1,less,0
2,0,2,-1.601,2,less,0
2,0,6,1.9410000000000003,1,more,0
2,0,11,0.2239999999999999,4,more,0
2,0,4,-1.181,2,less,0
2,0,1,0.453,0,more,0
2,0,2,1.53,0,more,0
2,0,2,0.3320000000000001,1,equal,0
2,0,4,0.7370000000000001,0,more,0
2,0,5,-1.076,1,equal,0
2,0,3,-0.236,1,less,0
2,0,2,1.067,1,equal,0
2,0,3,1.815,1,more,0
2,0,6,1.385,1,more,0
2,0,3,1.244,1,more,0
2,0,5,-0.835,1,more,0
2,0,1,0,0,equal,0
2,0,4,0.8190000000000001,1,more,0
2,0,4,0.88,1,more,0
2,0,1,0,0,more,0
2,0,1,-1.383,1,less,0
2,0,6,1.568,1,more,0
2,0,8,2.186,0,more,0
2,0,6,1.081,2,more,0
2,0,1,1.576,0,more,0
2,0,3,-1.3900000000000001,2,less,0
2,0,2,1.345,0,more,0
2,0,2,0.532,0,more,0
2,0,2,-1.711,2,less,0
2,0,3,0.956,0,more,0
2,0,2,1.464,1,equal,0
2,0,3,0.52,0,more,0
2,0,6,-1.255,1,more,0
2,0,7,0.002000000000000113,2,more,0
2,0,4,0.09599999999999997,1,equal,0
2,0,3,-0.32100000000000006,1,equal,0
2,0,4,1.884,0,more,0
2,0,2,1.149,0,more,0
2,0,1,-1.236,1,less,0
2,0,5,-2.025,3,less,0
2,0,2,0.156,0,more,0
2,0,5,-2.227,3,less,0
2,0,4,-0.08499999999999999,1,equal,0
2,0,5,3.7479999999999998,0,more,0
2,0,1,1.36,0,more,0
2,0,2,0.658,0,more,0
2,0,3,0.937,0,more,0
2,0,3,0.581,0,more,0
2,0,3,-1.3159999999999998,1,equal,0
2,0,1,0.267,0,more,0
2,0,2,0.248,0,more,0
2,0,1,-0.651,1,less,0
2,0,2,-0.281,2,less,0
2,0,1,0,0,equal,0
2,0,6,0.7859999999999999,1,more,0
2,0,2,-0.469,2,less,0
2,0,5,1.377,1,more,0
2,0,3,-0.251,1,equal,0
2,0,4,-1.906,1,equal,0
2,0,4,0.253,1,more,0
2,0,6,2.752,0,more,0
2,0,3,1.6500000000000001,0,more,0
2,0,1,0.924,0,more,0
2,0,1,0.499,0,more,0
2,0,1,0,0,equal,0
2,0,4,-3.202,2,less,0
2,0,5,0.1859999999999999,1,more,0
2,0,1,-0.048,1,less,0
2,0,4,1.6680000000000001,1,more,0
2,0,3,1.265,0,more,0
2,0,6,0.613,1,more,0
2,0,1,0.573,0,more,0
2,0,3,1.228,1,more,0
2,0,3,0.874,2,less,0
2,0,1,1.38,0,more,0
2,0,5,0.9470000000000001,2,equal,0
3,0,10,-2.551,4,equal,2
3,0,6,1.208,1,more,2
3,0,4,-1.091,3,less,2
3,0,1,-0.729,1,less,2
3,0,4,-0.23500000000000004,2,less,2
3,0,10,0.3530000000000002,3,more,2
3,0,5,-0.364,2,more,2
3,0,14,-0.22400000000000025,6,equal,2
3,0,3,-0.382,3,less,2
3,0,4,-2.876,4,less,2
3,0,2,-0.219,1,equal,2
3,0,12,4.45,1,more,2
3,0,2,-1.454,1,equal,2
3,0,10,3.5509999999999993,1,more,2
3,0,6,-0.9789999999999999,2,more,2
3,0,1,-1.345,1,less,2
3,0,10,-0.886,4,less,2
3,0,10,-3.063,5,less,2
3,0,10,-0.07999999999999985,4,less,2
3,0,10,3.504,1,more,2
3,0,3,0.576,0,more,2
3,0,4,-0.47300000000000003,2,equal,2
3,0,3,-0.8140000000000001,2,less,2
3,0,14,5.3919999999999995,2,more,2
3,0,2,-0.17100000000000004,1,equal,2
3,0,3,0.191,0,more,2
3,0,2,1.695,1,equal,2
3,0,11,8.596,2,more,2
3,0,2,0.299,0,more,2
3,0,4,0.26399999999999996,1,equal,2
3,0,1,0,0,equal,2
3,0,2,0.6569999999999999,0,more,2
3,0,11,-0.359,4,less,2
3,0,9,5.176000000000001,1,more,2
3,0,2,-0.159,1,equal,2
3,0,3,0.082,1,more,2
3,0,4,-0.395,1,equal,2
3,0,13,4.194000000000001,2,more,2
3,0,9,3.2090000000000005,1,more,2
3,0,4,0.513,0,more,2
3,0,5,0.09599999999999986,2,more,2
3,0,11,3.4,3,more,2
3,0,3,-0.6090000000000001,2,less,2
3,0,4,-1.608,2,less,2
3,0,9,-0.81,3,equal,2
3,0,11,0.823,5,less,2
3,0,1,1.288,0,more,2
3,0,1,0.924,0,more,2
3,0,4,1.442,0,more,2
3,0,3,1.116,0,more,2
3,0,4,1.434,0,more,2
3,0,11,-1.8729999999999998,6,less,2
3,0,3,0.126,1,more,2
3,0,2,1.292,0,more,2
3,0,1,0.262,0,more,2
3,0,7,-1.072,3,less,2
3,0,1,0,0,more,2
3,0,6,1.518,1,more,2
3,0,7,1.8599999999999999,2,more,2
3,0,2,0.451,1,equal,2
3,0,6,2.519,0,more,2
3,0,9,2.1550000000000002,1,more,2
3,0,1,-0.142,1,less,2
3,0,8,3.531,1,more,2
3,0,2,0.173,1,equal,2
3,0,3,-1.165,3,less,2
3,0,1,1.347,0,more,2
3,0,6,4.676,0,more,2
3,0,5,1.9869999999999997,1,more,2
3,0,7,1.3760000000000001,1,more,2
3,0,9,-2.292,5,less,2
3,0,1,0,0,more,2
3,0,12,1.095,4,more,2
3,0,5,-0.745,2,less,2
3,0,4,0.672,1,more,2
3,0,7,2.856,0,more,2
3,0,1,0.573,0,more,2
3,0,6,0.9000000000000001,2,equal,2
3,0,4,-0.17800000000000016,1,equal,2
3,0,2,1.261,0,more,2
3,0,2,-0.5730000000000001,1,equal,2
3,0,4,-0.713,2,less,2
2,1,1,-0.098,1,less,0
2,1,2,0.622,0,more,0
2,1,2,2.079,0,more,0
2,1,3,-0.9810000000000001,1,more,0
2,1,2,3.147,0,more,0
2,1,1,0,0,more,0
2,1,1,0,0,equal,0
2,1,1,0.315,0,more,0
2,1,1,0,0,equal,0
2,1,6,2.618,0,more,0
2,1,10,2.445,1,more,0
2,1,2,-0.0050000000000000044,1,equal,0
2,1,4,4.021000000000001,0,more,0
2,1,1,0.355,0,more,0
2,1,2,0.162,0,more,0
2,1,4,0.40700000000000003,2,equal,0
2,1,2,-1.533,2,less,0
2,1,8,0.32999999999999996,2,more,0
2,1,3,0.6990000000000001,0,more,0
2,1,1,-0.13,1,less,0
2,1,1,0.305,0,more,0
2,1,2,-0.812,2,less,0
2,1,2,0.708,0,more,0
2,1,11,0.5850000000000001,4,more,0
2,1,2,1.171,0,more,0
2,1,3,0.516,0,more,0
2,1,2,2.8280000000000003,0,more,0
2,1,1,-0.268,1,less,0
2,1,7,2.6119999999999997,1,more,0
2,1,8,3.136,2,more,0
2,1,2,0.265,0,more,0
2,1,2,0.794,1,equal,0
2,1,7,1.4669999999999999,1,more,0
2,1,3,-0.146,1,more,0
2,1,10,2.62,2,more,0
2,1,1,0.091,0,more,0
2,1,1,1.263,0,more,0
2,1,6,3.268,1,more,0
2,1,4,2.053,0,more,0
2,1,4,-0.512,2,less,0
2,1,3,2.061,0,more,0
2,1,1,0,0,equal,0
2,1,9,1.932,3,more,0
2,1,1,0,0,more,0
2,1,2,-0.251,1,less,0
2,1,1,0,0,equal,0
2,1,4,1.022,1,equal,0
2,1,1,-0.246,1,less,0
2,1,3,-1.379,2,less,0
2,1,1,1.673,0,more,0
2,1,2,0,0,more,0
2,1,2,1.755,0,more,0
2,1,3,1.028,0,more,0
2,1,1,0.749,0,more,0
2,1,5,-0.43200000000000005,1,equal,0
2,1,2,0.242,1,equal,0
2,1,2,2.659,0,more,0
2,1,2,0.418,0,more,0
2,1,2,0.984,0,more,0
2,1,10,6.063000000000001,0,more,0
2,1,2,0.427,1,equal,0
2,1,10,2.961,2,more,0
2,1,1,0.573,0,more,0
2,1,2,-0.066,1,equal,0
2,1,2,0.355,0,more,0
2,1,2,0.757,0,more,0
2,1,1,1.884,0,more,0
2,1,2,1.174,0,more,2
2,1,8,3.4559999999999995,1,more,2
2,1,7,4.465,1,more,2
2,1,2,-1.23,1,equal,2
2,1,1,-0.051,1,less,2
2,1,2,0.629,0,more,2
2,1,6,2.307,1,more,2
2,1,2,0,0,equal,2
2,1,1,0.355,0,more,2
2,1,1,0,0,equal,2
2,1,2,-2.0140000000000002,2,less,2
2,1,1,-0.426,1,less,2
2,1,2,0.938,0,more,2
2,1,1,0.19,0,more,2
2,1,2,0.9430000000000001,0,more,2
2,1,11,2.598,1,more,2
2,1,1,0.434,0,more,2
2,1,3,0.41500000000000004,1,equal,2
2,1,2,2.402,0,more,2
2,1,2,0.652,0,more,2
2,1,3,0.779,0,more,2
2,1,10,2.8700000000000006,1,more,2
2,1,1,-0.966,1,less,2
2,1,1,-0.729,1,less,2
2,1,2,1.036,0,more,2
2,1,5,0.718,1,more,2
2,1,1,1.853,0,more,2
2,1,2,0.661,1,equal,2
2,1,4,0.921,2,equal,2
2,1,3,1.538,1,more,2
2,1,5,0.6539999999999999,1,more,2
2,1,1,0,0,more,2
2,1,1,-0.31,1,less,2
2,1,4,-1.942,2,less,2
2,1,2,1.3679999999999999,0,more,2
2,1,2,-0.2879999999999999,1,equal,2
2,1,2,-0.325,1,less,2
2,1,1,-0.095,1,less,2
2,1,1,-1.978,1,less,2
2,1,2,-0.65,1,equal,2
2,1,1,0,0,equal,2
2,1,2,0.577,0,more,2
2,1,3,-1.034,2,less,2
2,1,2,0.8130000000000001,1,equal,2
2,1,2,0.7549999999999999,0,more,2
2,1,1,-0.133,1,less,2
2,1,2,1.137,0,more,2
2,1,2,2.021,0,more,2
2,1,1,0,0,equal,2
2,1,1,0.56,0,more,2
2,1,1,0.436,0,more,2
2,1,2,-0.876,2,less,2
2,1,2,-0.132,1,equal,2
2,1,3,0.5389999999999999,1,equal,2
2,1,2,-1.676,2,less,2
2,1,1,0,0,equal,2
2,1,5,1.532,1,more,2
2,1,3,0.18400000000000005,1,more,2
2,1,1,0.838,0,more,2
2,1,1,0.299,0,more,2
2,1,1,0,0,equal,2
2,1,2,0.469,0,more,2
2,1,1,-0.495,1,less,2
2,1,4,1.485,0,more,2
2,1,3,0.906,0,more,2
2,1,1,0.573,0,more,2
2,1,2,0.563,0,more,2
2,1,9,2.865,1,more,2
2,1,2,-1.979,1,less,2
2,1,1,0.355,0,more,2
2,1,4,2.8259999999999996,0,more,2
2,1,1,1.347,0,more,2
2,1,2,-0.46900000000000003,2,less,2
2,1,2,1.107,1,equal,2
2,1,1,0,0,equal,2
2,1,2,0.033,0,more,2
2,1,1,0.571,0,more,2
2,1,1,0.712,0,more,2
2,1,1,-1.045,1,less,2
2,1,1,0.287,0,more,2
1,0,3,1.081,0,more,1
1,0,4,-1.145,2,equal,1
1,0,5,1.249,0,more,1
1,0,2,3.0909999999999997,0,more,1
1,0,2,-0.394,1,equal,1
1,0,1,0.775,0,more,1
1,0,4,0.14,0,more,1
1,0,1,0,0,equal,1
1,0,7,-3.3049999999999997,4,less,1
1,0,1,0,0,more,1
1,0,5,0.2529999999999998,1,more,1
1,0,7,-1.483,3,less,1
1,0,4,1.113,1,more,1
1,0,1,0.355,0,more,1
1,0,10,0.9310000000000003,3,more,1
1,0,2,0.505,0,more,1
1,0,4,0.902,0,more,1
1,0,5,0.302,1,more,1
1,0,1,0,0,equal,1
1,0,2,-0.493,2,less,1
1,0,1,0,0,equal,1
1,0,4,-0.12700000000000003,1,equal,1
1,0,3,-0.875,1,less,1
1,0,2,0.706,0,more,1
1,0,1,-0.386,1,less,1
1,0,2,0.357,0,more,1
1,0,1,0,0,equal,1
1,0,8,-0.2770000000000001,3,less,1
1,0,1,-0.516,1,less,1
1,0,3,0.27199999999999996,1,equal,1
1,0,3,3.8310000000000004,0,more,1
1,0,3,0,0,equal,1
1,0,5,-0.902,2,more,1
1,0,3,0.783,0,more,1
1,0,3,0.213,0,more,1
1,0,1,1.273,0,more,1
1,0,4,0.37899999999999995,1,more,1
1,0,3,-0.006000000000000005,1,more,1
1,0,1,0,0,more,1
1,0,4,-1.2610000000000001,2,less,1
1,0,2,-2.2929999999999997,2,less,1
1,0,2,-1.053,1,equal,1
1,0,1,0.225,0,more,1
1,0,2,-0.16200000000000003,1,equal,1
1,0,1,-0.13,1,less,1
1,0,2,-0.158,2,less,1
1,0,4,-0.39499999999999996,2,less,1
1,0,1,0,0,equal,1
1,0,4,1.8649999999999998,1,more,1
1,0,6,0.249,1,more,1
1,0,3,1.251,0,more,1
1,0,2,-0.7110000000000001,1,equal,1
1,0,3,0.542,0,more,1
1,0,4,0.994,0,more,1
1,0,2,-0.989,1,less,1
1,0,2,-2.773,1,equal,1
1,0,1,0,0,equal,1
1,0,1,-0.875,1,less,1
1,0,2,-0.004999999999999949,1,equal,1
1,0,2,0.546,0,more,1
1,0,4,0.429,0,more,1
1,0,1,0.838,0,more,1
1,0,3,0.317,1,equal,1
1,0,1,1.365,0,more,1
1,0,1,0.573,0,more,1
1,0,5,-0.7729999999999999,1,more,1
1,0,4,3.9339999999999997,0,more,1
1,0,5,2.838,0,more,1
1,0,3,-0.8500000000000001,3,less,1
1,0,1,0,0,equal,1
1,0,4,0.23099999999999998,1,more,1
1,0,4,2.785,0,more,1
1,0,1,-1.378,1,less,1
2,0,1,0.834,0,more,2
2,0,1,-0.583,1,less,2
2,0,4,2.02,1,more,2
2,0,2,-0.07,1,equal,2
2,0,7,1.326,1,more,2
2,0,2,1.318,0,more,2
2,0,1,1.379,0,more,2
2,0,2,0.727,0,more,2
2,0,2,-0.04000000000000001,1,equal,2
2,0,3,-0.8180000000000001,2,less,2
2,0,1,-0.18,1,less,2
2,0,3,1.1909999999999998,0,more,2
2,0,2,0.178,0,more,2
2,0,3,0.155,0,more,2
2,0,1,0.091,0,more,2
2,0,3,0.04,0,more,2
2,0,1,-0.447,1,less,2
2,0,2,1.446,0,more,2
2,0,5,-3.868,5,less,2
2,0,1,0.117,0,more,2
2,0,5,4.816,0,more,2
2,0,1,0.041,0,more,2
2,0,1,0.566,0,more,2
2,0,1,0,0,equal,2
2,0,2,-0.138,1,less,2
2,0,8,4.99,1,more,2
2,0,4,0.955,1,more,2
2,0,1,0.924,0,more,2
2,0,1,0.972,0,more,2
2,0,3,0.49700000000000005,1,equal,2
2,0,3,-0.396,1,more,2
2,0,3,0.10100000000000003,1,equal,2
2,0,1,0.31,0,more,2
2,0,2,0.779,0,more,2
2,0,1,0,0,equal,2
2,0,2,-3.098,2,less,2
2,0,1,0.934,0,more,2
2,0,2,1.239,0,more,2
2,0,1,-2.996,1,less,2
2,0,3,-0.0009999999999998899,1,more,2
2,0,2,0.16800000000000004,1,equal,2
2,0,4,1.416,1,more,2
2,0,1,0.207,0,more,2
2,0,1,-0.13,1,less,2
2,0,2,0.416,0,more,2
2,0,2,0.273,0,more,2
2,0,9,4.414,1,more,2
2,0,1,-0.13,1,less,2
2,0,3,0.855,1,equal,2
2,0,2,0.223,0,more,2
2,0,2,0.212,0,more,2
2,0,1,0.837,0,more,2
2,0,1,0.924,0,more,2
2,0,1,0.436,0,more,2
2,0,3,-0.359,1,more,2
2,0,1,0.212,0,more,2
2,0,2,1.195,0,more,2
2,0,1,0.573,0,more,2
2,0,4,1.366,1,more,2
2,0,1,0.623,0,more,2
2,0,2,-0.345,1,equal,2
2,0,1,1.173,0,more,2
2,0,1,0.632,0,more,2
2,0,1,1.69,0,more,2
2,0,3,-0.95,2,less,2
2,0,6,3.554,2,more,2
2,0,4,-0.6920000000000001,2,less,2
2,0,3,1.347,0,more,2
2,0,1,0.355,0,more,2
2,0,2,1.392,0,more,2
2,0,3,0.6559999999999999,1,more,2
2,0,2,1.084,0,more,2
4,3,1,-1.148,1,less,2
4,3,3,1.298,0,more,2
4,3,2,0,0,more,2
4,3,6,0.41800000000000004,2,more,2
4,3,1,0,0,equal,2
4,3,1,-0.213,1,less,2
4,3,2,-3.207,2,less,2
4,3,1,-2.428,1,less,2
4,3,10,0.9190000000000002,3,more,2
4,3,2,0.877,0,more,2
4,3,4,-1.9419999999999997,2,equal,2
4,3,5,1.014,1,more,2
4,3,3,-0.8089999999999999,3,less,2
4,3,12,2.2699999999999996,4,more,2
4,3,2,0.615,0,more,2
4,3,4,0.21299999999999997,1,more,2
4,3,3,0,0,equal,2
4,3,2,1.086,0,more,2
4,3,2,1.423,0,more,2
4,3,1,0,0,equal,2
4,3,2,1.087,0,more,2
4,3,6,0.7010000000000001,1,more,2
4,3,4,-0.19500000000000006,1,more,2
4,3,7,0.922,2,more,2
4,3,2,0.242,0,more,2
4,3,1,0,0,equal,2
4,3,2,0.305,0,more,2
4,3,1,0,0,equal,2
4,3,1,0.091,0,more,2
4,3,3,0,0,equal,2
4,3,3,1.471,1,more,2
4,3,2,-0.03699999999999999,1,equal,2
4,3,2,0.121,0,more,2
4,3,2,0.3979999999999999,1,equal,2
4,3,2,-0.30699999999999994,1,equal,2
4,3,2,0.301,1,equal,2
4,3,4,0.649,1,more,2
4,3,8,1.5529999999999997,1,more,2
4,3,2,0.041,0,more,2
4,3,4,-2.027,3,less,2
4,3,1,0.012,0,more,2
4,3,3,0.294,0,more,2
4,3,1,-0.853,1,less,2
4,3,1,-0.875,1,less,2
4,3,4,3.295,0,more,2
4,3,2,1.272,0,more,2
4,3,1,0,0,equal,2
4,3,4,-0.039,2,less,2
4,3,1,0.299,0,more,2
4,3,6,1.9809999999999999,0,more,2
4,3,1,0.838,0,more,2
4,3,1,-0.875,1,less,2
4,3,1,1.115,0,more,2
4,3,1,0,0,more,2
4,3,2,-0.581,1,equal,2
4,3,2,0.7290000000000001,0,more,2
4,3,1,0.573,0,more,2
4,3,9,-1.65,4,less,2
4,3,1,1.568,0,more,2
4,3,1,0.964,0,more,2
4,3,1,-0.718,1,less,2
4,3,5,-1.1980000000000002,3,less,2
4,3,2,-0.779,1,equal,2
4,3,1,0,0,equal,2
4,3,11,4.1049999999999995,2,more,2
4,3,1,0.336,0,more,2
4,3,2,-0.224,1,equal,2
1,0,3,0.16399999999999998,2,less,0
1,0,5,0.4109999999999999,2,more,0
1,0,1,0,0,equal,0
1,0,2,0,0,more,0
1,0,1,0.315,0,more,0
1,0,1,0.156,0,more,0
1,0,7,-0.2880000000000001,1,more,0
1,0,8,1.48,0,more,0
1,0,3,1.1720000000000002,0,more,0
1,0,9,1.4190000000000003,3,equal,0
1,0,2,0.039,0,more,0
1,0,1,1.064,0,more,0
1,0,1,0.315,0,more,0
1,0,8,3.0440000000000005,2,more,0
1,0,8,1.854,1,more,0
1,0,7,1.051,1,more,0
1,0,1,0.452,0,more,0
1,0,2,-1.512,2,less,0
1,0,6,-0.8519999999999999,2,more,0
1,0,2,-0.371,2,less,0
1,0,1,0.064,0,more,0
1,0,2,0.013999999999999999,1,equal,0
1,0,3,0.52,1,more,0
1,0,3,0.376,0,more,0
1,0,3,-0.821,2,less,0
1,0,1,1.379,0,more,0
1,0,5,2.827,0,more,0
1,0,1,-0.095,1,less,0
1,0,4,0.6559999999999999,0,more,0
1,0,6,2.2729999999999997,2,more,0
1,0,1,0,0,equal,0
1,0,7,-1.5370000000000001,5,less,0
1,0,2,1.18,0,more,0
1,0,1,-0.146,1,less,0
1,0,2,1.629,0,more,0
1,0,4,0.42399999999999993,1,more,0
1,0,12,0.1660000000000002,5,less,0
1,0,3,-0.969,1,more,0
1,0,8,0.44600000000000006,3,equal,0
1,0,1,-0.034,1,less,0
1,0,7,0.08599999999999998,2,more,0
1,0,3,0.03599999999999999,2,less,0
1,0,5,-1.743,3,less,0
1,0,2,-1.1039999999999999,2,less,0
1,0,3,-1.296,1,equal,0
1,0,10,2.718,1,more,0
1,0,5,1.2190000000000003,3,less,0
1,0,1,0.573,0,more,0
1,0,3,0.6779999999999999,1,more,0
1,0,3,0.7499999999999999,0,more,0
1,0,1,0.216,0,more,0
1,0,2,0.315,0,more,0
1,0,3,0.329,0,more,0
1,0,4,-0.334,2,equal,0
1,0,1,2.035,0,more,0
1,0,2,0.8260000000000001,0,more,0
1,0,1,-0.042,1,less,0
1,0,2,0.117,0,more,0
1,0,11,-4.348999999999999,7,less,0
1,0,9,-0.3569999999999999,4,equal,0
1,0,1,0.066,0,more,0
1,0,2,0,0,equal,0
1,0,2,-0.403,1,less,0
1,0,1,0.906,0,more,0
1,0,2,-0.143,1,equal,0
3,3,9,-0.251,4,equal,1
3,3,1,-0.098,1,less,1
3,3,3,-0.46699999999999997,3,less,1
3,3,11,1.812,3,more,1
3,3,12,2.9370000000000003,3,more,1
3,3,8,5.2780000000000005,2,more,1
3,3,3,-1.3659999999999999,1,equal,1
3,3,6,2.575,1,more,1
3,3,9,2.496,1,more,1
3,3,10,1.652,3,more,1
3,3,7,4.8,1,more,1
3,3,2,0.949,1,equal,1
3,3,7,2.7800000000000002,0,more,1
3,3,1,-1.686,1,less,1
3,3,2,0,0,equal,1
3,3,12,2.6400000000000006,2,more,1
3,3,10,4.752,1,more,1
3,3,2,0.178,0,more,1
3,3,8,2.761,1,more,1
3,3,8,1.21,3,more,1
3,3,12,1.4779999999999998,3,more,1
3,3,6,1.7570000000000001,0,more,1
3,3,10,2.375,4,more,1
3,3,4,0.42,0,more,1
3,3,3,0.9779999999999999,1,more,1
3,3,9,0.7180000000000001,2,more,1
3,3,7,-1.373,2,less,1
3,3,2,-0.1,1,equal,1
3,3,6,-1.363,4,less,1
3,3,6,2.101,1,more,1
3,3,2,1.7109999999999999,0,more,1
3,3,12,-0.030999999999999917,4,more,1
3,3,10,2.8539999999999996,1,more,1
3,3,14,2.954,9,less,1
3,3,8,1.9209999999999998,2,more,1
3,3,3,-0.15999999999999992,1,more,1
3,3,13,-0.05199999999999997,3,more,1
3,3,7,-1.119,3,less,1
3,3,11,1.052,4,more,1
3,3,9,0.9119999999999999,3,more,1
3,3,10,0.23399999999999993,3,equal,1
3,3,9,2.67,1,more,1
3,3,10,-0.986,5,less,1
3,3,10,2.0210000000000004,3,more,1
3,3,1,0,0,equal,1
3,3,7,4.779,0,more,1
3,3,1,0.684,0,more,1
3,3,9,1.5739999999999998,1,more,1
3,3,6,-0.059,2,more,1
3,3,11,3.6529999999999996,3,more,1
3,3,8,3.116,2,more,1
3,3,6,0.706,0,more,1
3,3,1,-0.054,1,less,1
3,3,5,1.104,1,more,1
3,3,1,0,0,more,1
3,3,7,1.289,1,more,1
3,3,8,-1.203,4,less,1
3,3,3,1.8549999999999998,1,more,1
3,3,8,0.3919999999999999,2,more,1
3,3,10,6.452000000000001,0,more,1
3,3,2,2.158,0,more,1
3,3,9,3.1840000000000006,3,more,1
3,3,4,2.1569999999999996,0,more,1
3,3,11,1.312,2,more,1
3,3,1,-0.447,1,less,1
3,3,12,2.2489999999999997,5,more,1
3,3,1,0.573,0,more,1
3,3,7,4.065,1,more,1
3,3,1,2.035,0,more,1
3,3,10,1.453,3,more,1
3,3,3,0.19399999999999998,1,equal,1
3,3,9,1.8429999999999995,3,more,1
3,3,10,3.549,2,more,1
3,3,5,2.0090000000000003,0,more,1
3,3,8,1.858,2,more,1
3,3,6,1.4709999999999999,1,more,1
3,3,1,1.884,0,more,1
3,3,1,0.287,0,more,1
3,3,10,4.158,1,more,1
4,1,5,-3.165,3,less,4
4,1,3,0.46499999999999997,0,more,4
4,1,2,-0.6749999999999999,1,equal,4
4,1,11,-0.291,3,less,4
4,1,6,-1.3120000000000003,2,more,4
4,1,1,0.888,0,more,4
4,1,2,-1.6429999999999998,2,less,4
4,1,2,-0.13,1,equal,4
4,1,9,1.572,1,more,4
4,1,8,1.9700000000000002,3,more,4
4,1,2,-0.767,1,equal,4
4,1,2,-3.336,2,less,4
4,1,8,1.0230000000000001,3,more,4
4,1,2,-0.206,1,less,4
4,1,4,0.22499999999999998,1,more,4
4,1,3,-1.302,1,equal,4
4,1,2,0.958,0,more,4
4,1,1,-1.686,1,less,4
4,1,1,0,0,equal,4
4,1,10,0.7560000000000002,4,more,4
4,1,8,0.07800000000000007,1,more,4
4,1,3,0.158,0,more,4
4,1,3,0.352,1,more,4
4,1,9,-2.0140000000000002,3,less,4
4,1,5,3.235,0,more,4
4,1,11,-0.8200000000000001,6,less,4
4,1,4,0.509,2,equal,4
4,1,8,-1.7640000000000002,5,less,4
4,1,1,0.924,0,more,4
4,1,8,-1.685,2,more,4
4,1,3,0.5209999999999999,1,equal,4
4,1,4,0.406,0,more,4
4,1,4,1.694,0,more,4
4,1,10,-2.0789999999999997,5,less,4
4,1,11,0.8790000000000002,3,more,4
4,1,4,0.783,1,more,4
4,1,3,-3.574,2,less,4
4,1,2,0,0,equal,4
4,1,2,0.10799999999999998,1,equal,4
4,1,1,-0.217,1,less,4
4,1,5,0.21199999999999997,1,more,4
4,1,5,-0.4849999999999999,2,more,4
4,1,10,1.843,3,more,4
4,1,1,-0.224,1,less,4
4,1,13,-1.1260000000000001,5,more,4
4,1,9,-1.2870000000000001,3,equal,4
4,1,2,0.126,0,more,4
4,1,2,2.8280000000000003,0,more,4
4,1,7,1.45,1,more,4
4,1,8,0.461,3,more,4
4,1,11,-1.92,5,less,4
4,1,2,0.9869999999999999,0,more,4
4,1,3,-2.451,2,less,4
4,1,1,-1.513,1,less,4
4,1,3,0.9280000000000002,1,more,4
4,1,2,-1.2029999999999998,1,equal,4
4,1,10,2.349,1,more,4
4,1,8,-1.228,4,equal,4
4,1,3,1.258,0,more,4
4,1,11,4.024,2,more,4
4,1,2,0.297,0,more,4
4,1,6,-0.22099999999999997,1,more,4
4,1,3,0.436,0,more,4
4,1,2,0.268,1,equal,4
4,1,4,-0.833,2,equal,4
4,1,2,0,0,equal,4
4,1,2,2.546,0,more,4
4,1,9,1.68,0,more,4
4,1,3,-2.389,3,less,4
4,1,10,0.18399999999999989,6,less,4
4,1,5,0.6599999999999999,1,more,4
4,1,8,3.038,0,more,4
4,1,2,-0.03900000000000001,1,equal,4
4,1,9,-0.9600000000000001,3,more,4
4,1,5,1.435,1,more,4
4,1,3,-0.5489999999999999,2,less,4
4,1,3,-1.686,1,less,4
4,1,9,0.010999999999999954,3,more,4
4,1,3,-1.865,2,less,4
4,1,13,1.7069999999999999,7,less,4
4,1,7,-1.33,2,more,4
4,1,5,-0.46299999999999997,2,less,4
4,1,1,0.573,0,more,4
4,1,8,-1.695,5,less,4
4,1,6,2.8040000000000003,0,more,4
4,2,9,4.746,1,more,4
4,2,12,4.193,3,more,4
4,2,10,-3.2720000000000002,2,equal,4
4,2,4,1.09,0,more,4
4,2,14,1.348,4,equal,4
4,2,5,-0.16100000000000003,2,equal,4
4,2,11,-1.2240000000000002,5,more,4
4,2,2,0.657,1,equal,4
4,2,5,1.085,0,more,4
4,2,2,0.35300000000000004,1,equal,4
4,2,1,0.091,0,more,4
4,2,1,0.091,0,more,4
4,2,6,-0.32400000000000007,2,equal,4
4,2,7,-1.232,4,less,4
4,2,5,0.75,1,more,4
4,2,4,-1.432,3,less,4
4,2,10,-0.6009999999999999,4,equal,4
4,2,1,-0.127,1,less,4
4,2,2,-0.13,1,equal,4
4,2,7,-0.05599999999999983,2,more,4
4,2,7,3.162,1,more,4
4,2,4,-1.275,2,less,4
4,2,2,1.283,0,more,4
4,2,1,0.091,0,more,4
4,2,3,1.1460000000000001,1,more,4
4,2,9,-0.0009999999999999176,2,more,4
4,2,5,-0.019000000000000017,1,more,4
4,2,5,1.312,1,more,4
4,2,6,-0.16600000000000004,2,equal,4
4,2,2,0.151,0,more,4
4,2,8,-0.626,3,less,4
4,2,2,0.658,1,equal,4
4,2,8,-4.8260000000000005,7,less,4
4,2,2,0.984,0,more,4
4,2,7,-0.23299999999999993,2,equal,4
4,2,3,0.45,1,equal,4
4,2,11,2.996,1,more,4
4,2,3,0.934,0,more,4
4,2,3,0.787,0,more,4
4,2,1,0.402,0,more,4
4,2,5,1.6549999999999998,1,more,4
4,2,2,1.0150000000000001,0,more,4
4,2,8,-2.436,3,equal,4
4,2,3,-0.567,2,less,4
4,2,3,-0.374,2,less,4
4,2,2,0.39399999999999996,1,equal,4
4,2,2,0.246,0,more,4
4,2,6,1.777,1,more,4
4,2,2,0.223,0,more,4
4,2,11,-5.401,7,less,4
4,2,9,-0.523,2,more,4
4,2,2,0.924,0,more,4
4,2,2,-0.552,2,less,4
4,2,2,-1.233,1,equal,4
4,2,1,0.695,0,more,4
4,2,2,1.228,0,more,4
4,2,2,0.347,0,more,4
4,2,2,0,0,equal,4
4,2,4,1.542,0,more,4
4,2,1,0.091,0,more,4
4,2,4,1.01,0,more,4
4,2,3,0.39099999999999996,1,more,4
4,2,6,-1.5939999999999999,3,less,4
4,2,6,-1.089,4,less,4
4,2,4,-0.13499999999999998,2,equal,4
4,2,11,0.8960000000000001,5,equal,4
4,2,7,1.358,1,more,4
4,2,6,-0.32699999999999996,4,less,4
4,2,12,-3.057,4,equal,4
4,2,2,0.4,0,more,4
4,2,2,0.566,0,more,4
4,2,4,-1.619,1,equal,4
4,2,2,-1.376,2,less,4
4,2,9,0.40800000000000003,3,more,4
4,2,1,-0.071,1,less,4
4,2,1,0.091,0,more,4
4,2,5,0.206,2,equal,4
4,2,1,0.573,0,more,4
4,2,4,1.17,0,more,4
4,2,5,-0.03200000000000003,2,equal,4
4,2,6,0.758,2,more,4
4,2,5,-0.8949999999999999,4,less,4
4,2,5,1.214,0,more,4
4,2,2,-3.643,2,less,4
4,2,7,0.61,1,more,4
2,1,1,0.31,0,more,1
2,1,9,-1.3119999999999998,4,less,1
2,1,1,0.89,0,more,1
2,1,8,-2.803,3,less,1
2,1,4,-1.3840000000000001,2,equal,1
2,1,9,-2.8280000000000003,2,more,1
2,1,8,0.25999999999999995,4,less,1
2,1,7,1.508,1,more,1
2,1,3,-1.56,1,equal,1
2,1,3,1.076,1,more,1
2,1,1,0.117,0,more,1
2,1,4,-1.1010000000000002,3,less,1
2,1,6,0.804,0,more,1
2,1,5,-0.43999999999999995,4,less,1
2,1,12,4.583,3,more,1
2,1,8,0.344,2,more,1
2,1,1,0.335,0,more,1
2,1,1,0,0,equal,1
2,1,2,-0.9489999999999998,1,equal,1
2,1,3,-0.7010000000000001,2,less,1
2,1,4,1.076,1,more,1
2,1,1,0.223,0,more,1
2,1,5,-0.033000000000000015,2,equal,1
2,1,1,0,0,equal,1
2,1,6,1.0899999999999999,2,more,1
2,1,4,0.137,1,more,1
2,1,1,0.201,0,more,1
2,1,4,0.9159999999999999,1,more,1
2,1,5,-0.845,3,less,1
2,1,5,3.1480000000000006,1,more,1
2,1,12,3.289,0,more,1
2,1,2,0.223,0,more,1
2,1,6,0.6310000000000001,1,more,1
2,1,5,1.3010000000000002,2,more,1
2,1,3,0.591,0,more,1
2,1,4,0.617,0,more,1
2,1,13,-1.6019999999999999,3,more,1
2,1,2,0,0,equal,1
2,1,3,-1.9220000000000002,2,less,1
2,1,8,-0.969,2,less,1
2,1,7,2.2270000000000003,1,more,1
2,1,9,-3.495,6,less,1
2,1,4,0.788,1,equal,1
2,1,8,1.0470000000000002,3,more,1
2,1,3,-0.256,1,less,1
2,1,2,1.768,0,more,1
2,1,5,0.6509999999999999,1,more,1
2,1,5,0.39099999999999996,2,less,1
2,1,3,-0.9600000000000001,2,less,1
2,1,4,-0.6709999999999999,1,more,1
2,1,2,-1.611,1,equal,1
2,1,3,1.807,0,more,1
2,1,8,-1.341,3,equal,1
2,1,3,1.551,0,more,1
2,1,4,0.967,0,more,1
2,1,6,1.6310000000000002,0,more,1
2,1,3,-0.173,2,less,1
2,1,3,0.31699999999999995,0,more,1
2,1,6,-2.809,4,less,1
2,1,9,1.282,1,more,1
2,1,8,0.8900000000000001,1,more,1
2,1,4,-1.16,2,less,1
2,1,3,-1.922,2,less,1
2,1,10,0.8849999999999999,3,more,1
2,1,1,-0.647,1,less,1
2,1,5,0.45500000000000007,1,more,1
2,1,2,0.273,0,more,1
2,1,6,-0.6070000000000001,3,equal,1
2,1,8,-4.390000000000001,4,less,1
2,1,1,-1.296,1,less,1
2,1,2,-3.0300000000000002,2,less,1
2,1,2,1.848,0,more,1
2,1,8,-1.355,1,more,1
2,1,2,-0.9810000000000001,1,equal,1
2,1,4,-1.8410000000000002,2,less,1
2,1,7,2.114,1,more,1
2,1,6,1.7829999999999997,1,more,1
2,1,1,0.573,0,more,1
2,1,10,-0.07700000000000007,3,equal,1
2,1,12,2.537,3,more,1
2,1,8,0.521,0,more,1
2,0,1,-0.146,1,less,1
2,0,2,0,0,equal,1
2,0,11,2.5940000000000003,3,more,1
2,0,6,0.6219999999999999,1,more,1
2,0,2,0.4,0,more,1
2,0,4,-0.7169999999999997,2,equal,1
2,0,2,-0.156,1,equal,1
2,0,1,0.117,0,more,1
2,0,2,-0.077,1,less,1
2,0,1,1.884,0,more,1
2,0,1,-0.098,1,less,1
2,0,3,0.54,1,more,1
2,0,5,0.4149999999999999,1,more,1
2,0,5,0.5489999999999998,3,less,1
2,0,4,-2.297,3,less,1
2,0,7,1.026,2,more,1
2,0,4,2.128,0,more,1
2,0,4,0.44299999999999995,1,more,1
2,0,4,-2.483,4,less,1
2,0,1,0.355,0,more,1
2,0,7,2.318,0,more,1
2,0,3,4.0809999999999995,0,more,1
2,0,2,0.814,0,more,1
2,0,3,-4.862,3,less,1
2,0,2,0.416,0,more,1
2,0,2,0.676,0,more,1
2,0,1,0,0,equal,1
2,0,5,0.837,1,more,1
2,0,6,2.921,0,more,1
2,0,2,0.321,1,equal,1
2,0,2,0.14700000000000002,1,equal,1
2,0,1,0,0,equal,1
2,0,6,-1.355,4,less,1
2,0,3,1.8519999999999999,0,more,1
2,0,1,0.696,0,more,1
2,0,1,1.365,0,more,1
2,0,1,0.835,0,more,1
2,0,6,1.329,1,more,1
2,0,2,0.477,1,equal,1
2,0,6,0.935,2,more,1
2,0,1,-1.711,1,less,1
2,0,2,0.887,0,more,1
2,0,4,3.393,0,more,1
2,0,1,0.623,0,more,1
2,0,1,0.096,0,more,1
2,0,5,-0.02200000000000002,2,less,1
2,0,4,0.852,0,more,1
2,0,1,-0.095,1,less,1
2,0,5,0.8140000000000001,2,equal,1
2,0,1,1.989,0,more,1
2,0,1,0.921,0,more,1
2,0,1,0.299,0,more,1
2,0,7,5.934,0,more,1
2,0,2,-0.198,1,equal,1
2,0,2,0.03,0,more,1
2,0,1,0.924,0,more,1
2,0,4,0.723,2,equal,1
2,0,2,1.136,0,more,1
2,0,9,2.2619999999999996,3,more,1
2,0,2,2.091,0,more,1
2,0,1,0.573,0,more,1
2,0,3,-0.783,2,less,1
2,0,11,3.047,2,more,1
2,0,9,0.26400000000000046,3,equal,1
2,0,2,0.299,0,more,1
2,0,1,2.035,0,more,1
2,0,2,-0.862,2,less,1
2,0,2,1.0150000000000001,0,more,1
2,0,6,-0.794,2,less,1
2,0,4,-0.08199999999999999,1,equal,1
2,0,6,0.11699999999999999,1,equal,1
2,0,4,0.246,1,more,1
2,0,1,0.662,0,more,1
2,0,1,0.403,0,more,1
0,0,4,0.658,0,more,0
0,0,2,0,0,equal,0
0,0,2,0.484,0,more,0
0,0,3,0,0,equal,0
0,0,2,0,0,equal,0
0,0,3,0,0,equal,0
0,0,2,0,0,equal,0
0,0,3,0.051999999999999935,2,less,0
0,0,2,0,0,more,0
0,0,3,0.295,0,more,0
0,0,6,0.764,2,more,0
0,0,4,0.603,0,more,0
0,0,4,1.091,1,more,0
0,0,6,-0.551,2,more,0
0,0,3,0,0,equal,0
0,0,0,0,0,equal,0
0,0,1,-2.466,1,less,0
0,0,9,-0.612,3,less,0
0,0,2,0,0,equal,0
0,0,2,0.018,0,more,0
0,0,3,0.157,0,more,0
0,0,2,0.295,0,more,0
0,0,2,-0.5660000000000001,1,equal,0
0,0,2,0,0,equal,0
0,0,1,-0.552,1,less,0
0,0,4,0,0,equal,0
0,0,3,0,0,equal,0
0,0,3,0,0,equal,0
0,0,4,0,0,equal,0
0,0,3,0.295,0,more,0
0,0,2,0,0,equal,0
0,0,3,0,0,equal,0
0,0,2,0,0,equal,0
0,0,4,0,0,equal,0
0,0,4,0.594,0,more,0
0,0,2,0,0,more,0
0,0,1,0,0,equal,0
0,0,3,0,0,equal,0
0,0,2,0,0,equal,0
0,0,1,0,0,equal,0
0,0,3,0.295,0,more,0
0,0,2,-0.552,1,equal,0
0,0,2,0,0,equal,0
0,0,5,-1.682,3,less,0
0,0,9,0,0,equal,0
0,0,5,0,0,equal,0
0,0,4,0,0,equal,0
0,0,3,0,0,equal,0
0,0,4,0,0,equal,0
0,0,2,0,0,equal,0
0,0,2,0.11,0,more,0
0,0,3,0.295,0,more,0
0,0,3,0.295,0,more,0
0,0,3,0.295,0,more,0
0,0,1,0,0,more,0
0,0,1,0,0,equal,0
0,0,1,0,0,equal,0
0,0,4,0,0,equal,0
0,0,3,0,0,equal,0
0,0,3,0,0,equal,0
0,0,4,0,0,equal,0
0,0,2,0,0,equal,0
0,0,1,0,0,equal,0
0,0,1,0,0,equal,0
0,0,1,0,0,equal,0
0,0,3,0.295,0,more,0
0,0,3,0,0,equal,0
0,0,3,0,0,equal,0
0,0,1,-0.224,1,less,0
0,0,3,0,0,equal,0
0,0,3,0,0,equal,0
0,0,5,0,0,more,0
0,0,3,0.846,0,more,0
0,0,4,0,0,equal,0
0,0,4,0,0,equal,0
0,0,6,-0.552,1,equal,0
0,0,3,0.295,0,more,0
0,0,1,0,0,equal,0
0,0,2,0.11,0,more,0
0,0,2,0.461,0,more,0
0,0,2,0,0,equal,0
0,0,3,0.319,0,more,0
0,0,3,0,0,equal,0
0,0,1,0.002,0,more,0
0,0,1,0,0,equal,0
0,0,4,0,0,equal,0
0,0,2,-0.61,2,less,0
0,0,2,0,0,equal,0
0,0,1,0.461,0,more,0
0,0,2,0,0,equal,0
0,0,2,0.11,0,more,0
0,0,10,-0.88,4,less,0
0,0,2,0,0,equal,0
0,0,5,0.623,0,more,0
0,0,3,0,0,equal,0
0,0,1,0,0,equal,0
0,0,3,0,0,equal,0
0,0,2,-0.08099999999999999,1,equal,0
0,0,10,0.48300000000000004,1,more,0
0,0,1,0.245,0,more,0
0,0,3,0,0,equal,0
0,0,4,0.594,0,more,0
0,0,1,0.11,0,more,0
0,0,3,0,0,more,0
0,0,3,0.295,0,more,0
0,0,11,0.27100000000000013,3,more,0
0,0,3,0.295,0,more,0
0,0,2,0.322,0,more,0
0,0,1,0,0,more,0
0,0,4,0.692,0,more,0
0,0,2,0.11,0,more,0
0,0,2,0,0,equal,0
0,0,3,0.295,0,more,0
0,0,4,0,0,equal,0
0,0,2,-0.18200000000000005,1,equal,0
0,0,4,0,0,equal,0
0,0,4,0.295,0,more,0
0,0,1,0.431,0,more,0
0,0,3,0.295,0,more,0
0,0,2,0.295,0,more,0
0,0,4,0,0,equal,0
0,0,3,0,0,equal,0
0,0,5,0,0,equal,0
0,0,3,0.295,0,more,0
0,0,4,-0.273,1,less,0
0,0,4,0,0,equal,0
0,0,3,0.11,0,more,0
0,0,4,0,0,more,0
0,0,5,-0.552,1,less,0
0,0,2,0,0,equal,0
0,0,3,0.846,0,more,0
0,0,4,0,0,more,0
0,0,3,0,0,equal,0
0,0,5,0,0,equal,0
0,0,2,0,0,equal,0
0,0,4,0,0,equal,0
0,0,3,0,0,equal,0
0,0,2,0,0,equal,0
0,0,8,1.065,0,more,0
0,0,7,0.332,0,more,0
0,0,2,0.2649999999999999,1,equal,0
0,0,2,-0.052,1,less,0
0,0,1,0,0,equal,0
0,0,4,0,0,equal,0
0,0,3,0.113,0,more,0
0,0,3,0,0,equal,0
0,0,3,0,0,equal,0
0,0,2,0,0,more,0
0,0,4,0,0,equal,0
0,0,1,-0.133,1,less,0
0,0,0,0,0,equal,0
0,0,5,0.512,1,equal,0
0,0,2,0,0,equal,0
0,0,10,0,0,equal,0
0,0,1,-0.388,1,less,0
0,0,2,0.11,0,more,0
0,0,2,0.11,0,more,0
0,0,4,0,0,equal,0
0,0,2,0,0,equal,0
0,0,4,0,0,equal,0
0,0,4,0,0,equal,0
0,0,2,0,0,equal,0
0,0,2,0,0,equal,0
0,0,1,-0.584,1,less,0
0,0,2,0.11,0,more,0
0,0,5,-0.552,1,equal,0
0,0,4,0,0,equal,0
0,0,4,0,0,more,0
0,0,4,0.6869999999999999,1,more,0
0,0,3,0,0,equal,0
0,0,2,-1.133,1,less,0
0,0,3,0,0,equal,0
0,0,4,0,0,equal,0
0,0,6,0.573,0,more,0
0,0,4,0.573,0,more,0
0,0,7,2.16,0,more,0
0,0,2,0,0,equal,0
0,0,5,0,0,equal,0
0,0,11,0,0,equal,0
0,0,4,-0.442,1,less,0
0,0,2,0,0,equal,0
0,0,3,0.374,0,more,0
0,0,4,0.2619999999999999,1,more,0
0,0,4,0,0,equal,0
0,0,3,0,0,equal,0
0,0,12,1.6449999999999998,3,more,0
0,0,3,0.295,0,more,0
0,0,2,0,0,equal,0
0,0,4,0,0,more,0
0,0,2,0,0,equal,0
0,0,5,-0.552,1,less,0
0,0,2,-0.584,1,less,0
0,0,3,0,0,equal,0
0,0,2,0,0,equal,0
0,0,4,0,0,equal,0
0,0,2,0.694,0,more,0
0,0,7,-0.758,3,more,0
0,0,1,0,0,more,0
0,0,3,0.295,0,more,0
0,0,3,0,0,equal,0
0,0,3,-0.629,1,less,0
0,0,4,0,0,more,0
0,0,3,0,0,equal,0
0,0,3,0.157,0,more,0
0,0,1,0,0,equal,0
0,0,3,0.846,0,more,0
0,0,3,0.332,0,more,0
0,0,3,0,0,equal,0
0,0,3,0,0,equal,0
0,0,2,-1.181,2,less,0
0,0,3,0,0,equal,0
0,0,4,0.319,0,more,0
0,0,5,-1.23,1,less,0
0,0,4,0,0,equal,0
0,0,4,0,0,more,0
0,0,3,0.113,0,more,0
0,0,3,0.846,0,more,0
0,0,3,0,0,equal,0
0,0,7,0,0,equal,0
0,0,5,0,0,equal,0
0,0,1,0,0,equal,0
0,0,4,0,0,equal,0
0,0,3,0.295,0,more,0
0,0,2,0,0,equal,0
0,0,5,-0.552,1,equal,0
0,0,4,-0.21700000000000008,2,less,0
0,0,2,0,0,equal,0
0,0,4,0.405,1,more,0
0,0,4,1.623,0,more,0
0,0,1,0,0,equal,0
0,0,4,0,0,equal,0
0,0,2,0,0,equal,0
0,0,3,0,0,equal,0
0,0,3,0,0,equal,0
0,0,3,0.295,0,more,0
0,0,2,0,0,equal,0
0,0,3,0,0,more,0
0,0,3,0.692,0,more,0
0,0,3,0,0,equal,0
0,0,5,0.6960000000000001,2,more,0
0,0,2,-0.246,1,less,0
0,0,5,-0.552,1,equal,0
0,0,0,0,0,equal,0
0,0,1,0,0,equal,0
0,0,2,0.534,0,more,0
0,0,2,-1.151,1,equal,0
0,0,3,0.295,0,more,0
0,0,8,0.11,0,more,0
0,0,3,0.113,0,more,0
0,0,1,-0.246,1,less,0
0,0,3,0.154,0,more,0
0,0,3,0.113,0,more,0
0,0,5,0,0,equal,0
0,0,3,0.11,0,more,0
0,0,1,0,0,equal,0
0,0,2,0.985,0,more,0
0,0,3,0,0,equal,0
0,0,6,0.898,1,more,0
0,0,4,0,0,equal,0
0,0,1,0,0,equal,0
0,0,5,-0.6930000000000001,2,less,0
0,0,3,-0.552,1,more,0
0,0,1,0.039,0,more,0
0,0,2,0,0,equal,0
0,0,3,-0.226,1,less,0
0,0,1,0,0,equal,0
0,0,2,0,0,equal,0
0,0,3,0,0,more,0
0,0,5,0,0,equal,0
0,0,3,0.295,0,more,0
0,0,9,1.569,1,more,0
0,0,2,0,0,equal,0
0,0,3,-0.114,1,less,0
0,0,4,0.553,0,more,0
0,0,5,-0.552,1,equal,0
0,0,2,0,0,equal,0
0,0,8,0,0,equal,0
0,0,3,0.846,0,more,0
0,0,1,0,0,equal,0
0,0,1,0,0,equal,0
0,0,3,0.777,0,more,0
0,0,3,0.846,0,more,0
0,0,2,0,0,equal,0
0,0,9,0,0,more,0
0,0,3,0,0,equal,0
0,0,4,0.439,0,more,0
0,0,2,0.11,0,more,0
0,0,5,0.295,0,more,0
0,0,6,0,0,equal,0
0,0,1,0,0,equal,0
0,0,2,0.295,0,more,0
0,0,5,-0.552,1,equal,0
0,0,2,-0.655,2,less,0
0,0,3,0,0,equal,0
0,0,2,0.11,0,more,0
0,0,3,0.692,0,more,0
0,0,4,0,0,equal,0
0,0,2,0.322,0,more,0
0,0,2,0.11,0,more,0
0,0,3,0,0,equal,0
0,0,3,-0.381,1,less,0
0,0,5,-0.224,1,less,0
0,0,1,0,0,equal,0
0,0,3,0,0,equal,0
0,0,4,0.231,0,more,0
0,0,2,0.231,0,more,0
0,0,3,0,0,equal,0
0,0,3,0,0,more,0
0,0,4,0,0,equal,0
0,0,2,0,0,equal,0
0,0,1,0,0,equal,0
0,0,2,0,0,equal,0
0,0,3,0,0,equal,0
0,0,1,-0.403,1,less,0
0,0,4,0,0,equal,0
0,0,2,-2.3600000000000003,2,less,0
0,0,3,0,0,equal,0
0,0,3,0.295,0,more,0
0,0,4,0,0,equal,0
0,0,4,-0.32100000000000006,1,more,0
0,0,2,0.11,0,more,0
0,0,3,0,0,equal,0
0,0,3,0.692,0,more,0
0,0,9,1.855,0,more,0
0,0,3,0.692,0,more,0
0,0,0,0,0,equal,0
0,0,4,0.11,0,more,0
0,0,5,-0.552,1,equal,0
0,0,3,-0.226,1,less,0
0,0,3,0,0,equal,0
0,0,2,-0.399,1,equal,0
0,0,4,0,0,equal,0
0,0,4,0,0,more,0
0,0,2,0,0,equal,0
0,0,4,0,0,equal,0
0,0,5,-0.67,1,less,0
0,0,2,0,0,equal,0
0,0,2,0.245,0,more,0
0,0,5,0.295,0,more,0
0,0,1,-0.388,1,less,0
0,0,4,0,0,equal,0
0,0,5,-0.27100000000000013,1,more,0
0,0,2,0.878,0,more,0
0,0,3,0,0,equal,0
0,0,3,0,0,equal,0
0,0,2,0.11,0,more,0
0,0,1,-2.466,1,less,0
0,0,1,0,0,equal,0
0,0,7,-0.271,2,more,0
0,0,4,0,0,equal,0
0,0,9,1.557,0,more,0
0,0,5,-0.552,1,less,0
0,0,3,0.846,0,more,0
0,0,3,0,0,equal,0
0,0,1,0.461,0,more,0
0,0,2,0.11,0,more,0
0,0,3,-1.384,1,less,0
0,0,3,0,0,equal,0
0,0,3,0.295,0,more,0
0,0,3,0.295,0,more,0
0,0,3,0,0,equal,0
0,0,2,0.11,0,more,0
0,0,2,0,0,equal,0
0,0,2,0,0,more,0
0,0,4,0,0,equal,0
0,0,2,0,0,equal,0
0,0,3,0.295,0,more,0
0,0,3,0.295,0,more,0
0,0,1,-0.388,1,less,0
0,0,3,0.295,0,more,0
0,0,3,0.841,0,more,0
0,0,2,0,0,equal,0
0,0,6,0,0,equal,0
0,0,2,0,0,equal,0
0,0,5,-0.552,1,less,0
0,0,1,-0.388,1,less,0
0,0,5,-0.552,1,equal,0
0,0,4,0,0,equal,0
0,0,2,0,0,equal,0
0,0,4,0.692,0,more,0
0,0,7,1.5250000000000001,0,more,0
0,0,2,-1.597,1,equal,0
0,0,3,0,0,more,0
0,0,3,0.332,0,more,0
0,0,2,-0.552,1,equal,0
0,0,4,0.692,0,more,0
0,0,8,0.632,0,more,0
0,0,3,-0.496,1,less,0
0,0,3,0,0,equal,0
0,0,1,0.573,0,more,0
0,0,3,0.735,0,more,0
0,0,3,0.41700000000000004,1,more,0
0,0,3,0.295,0,more,0
0,0,4,-0.273,1,less,0
0,0,4,0,0,equal,0
0,0,11,-0.3370000000000001,2,more,0
0,0,10,0,0,equal,0
0,0,3,0,0,equal,0
0,0,7,-0.32499999999999996,3,less,0
0,0,3,0,0,equal,0
0,0,3,0.039,0,more,0
0,0,1,0,0,equal,0
0,0,2,0.11,0,more,0
0,0,2,0,0,more,0
0,0,1,0,0,equal,0
0,0,1,-0.676,1,less,0
0,0,1,-0.246,1,less,0
0,0,4,0.4109999999999999,1,equal,0
0,0,2,0,0,equal,0
0,0,2,0,0,equal,0
0,0,1,-0.584,1,less,0
0,0,2,0.647,0,more,0
0,0,9,-2.178,3,less,0
0,0,2,0.11,0,more,0
0,0,2,0,0,equal,0
0,0,4,0,0,equal,0
0,0,1,0,0,equal,0
0,0,3,-1.133,1,less,0
0,0,11,0.814,0,more,0
0,0,5,-0.552,1,equal,0
0,0,2,-0.45,2,less,0
0,0,2,0.11,0,more,0
0,0,3,0.878,0,more,0
0,0,3,0.295,0,more,0
0,0,2,0.694,0,more,0
0,0,2,0,0,more,0
0,0,1,0,0,equal,0
0,0,2,0,0,equal,0
0,0,2,-2.466,1,less,0
0,0,2,-0.5229999999999999,1,equal,0
0,0,2,0,0,equal,0
0,0,1,0,0,more,0
0,0,2,0.374,0,more,0
0,0,3,0,0,equal,0
0,0,3,0.814,0,more,0
0,0,3,0,0,equal,0
0,0,7,0,0,more,0
0,0,4,0,0,equal,0
0,0,8,0.6459999999999999,0,more,0
0,0,4,0.5139999999999999,1,more,0
0,0,1,0.838,0,more,0
0,0,4,0,0,equal,0
0,0,2,0,0,equal,0
0,0,4,0.32299999999999995,1,equal,0
0,0,3,0,0,equal,0
0,0,2,0,0,equal,0
0,0,3,0,0,equal,0
0,0,4,0,0,equal,0
0,0,2,0,0,equal,0
0,0,2,0,0,equal,0
0,0,4,0,0,equal,0
0,0,4,-0.442,1,less,0
0,0,3,-0.384,1,less,0
0,0,2,0.355,0,more,0
0,0,4,0,0,equal,0
0,0,8,0,0,equal,0
0,0,1,0,0,equal,0
0,0,6,3.271,0,more,0
0,0,5,0.04200000000000004,1,equal,0
0,0,2,0.295,0,more,0
0,0,0,0,0,equal,0
0,0,8,1.386,0,more,0
0,0,13,0.814,0,more,0
0,0,1,0,0,equal,0
0,0,3,0.113,0,more,0
0,0,2,-1.127,1,equal,0
0,0,3,0,0,equal,0
0,0,3,0.332,0,more,0
0,0,3,0,0,equal,0
0,0,2,0.112,0,more,0
0,0,3,0,0,more,0
0,0,2,0,0,equal,0
0,0,5,0.279,0,more,0
0,0,1,0.985,0,more,0
0,0,4,-0.34900000000000003,1,equal,0
0,0,4,-0.552,1,more,0
0,0,6,-0.8629999999999999,1,equal,0
0,0,2,0,0,equal,0
0,0,3,0.016,0,more,0
0,0,2,-0.45,2,less,0
0,0,3,-0.676,1,less,0
0,0,1,0,0,equal,0
0,0,2,0,0,equal,0
0,0,2,1.2229999999999999,0,more,0
0,0,2,0.11,0,more,0
0,0,4,0.692,0,more,0
0,0,4,0,0,equal,0
0,0,3,0,0,equal,0
0,0,6,0.764,2,more,0
0,0,5,-0.552,1,equal,0
0,0,2,0.295,0,more,0
0,0,4,-0.552,1,equal,0
0,0,4,0,0,equal,0
0,0,3,0.295,0,more,0
0,0,2,0.11,0,more,0
0,0,2,0,0,equal,0
0,0,4,0,0,equal,0
0,0,1,-1.133,1,less,0
0,0,2,0.295,0,more,0
0,0,4,0,0,equal,0
0,0,1,0,0,equal,0
0,0,3,0.295,0,more,0
0,0,1,0,0,equal,0
0,0,4,0,0,equal,0
0,0,4,0.426,0,more,0
0,0,1,0,0,equal,0
0,0,3,0.295,0,more,0
0,0,1,0,0,equal,0
0,0,4,0,0,more,0
0,0,4,0,0,equal,0
0,0,2,0,0,equal,0
0,0,3,0,0,equal,0
0,0,3,0,0,equal,0
0,0,11,1.4540000000000002,2,more,0
0,0,2,0,0,equal,0
0,0,7,0,0,more,0
0,0,3,0,0,equal,0
0,0,5,0,0,equal,0
0,0,1,0,0,equal,0
0,0,2,0.11,0,more,0
0,0,3,0,0,equal,0
0,0,3,0,0,equal,0
0,0,2,-0.645,1,less,0
0,0,4,0,0,equal,0
0,0,1,-0.011,1,less,0
0,0,3,0,0,equal,0
0,0,3,0,0,equal,0
0,0,4,0,0,more,0
0,0,1,0,0,equal,0
0,0,3,0.295,0,more,0
0,0,1,0.985,0,more,0
0,0,1,0.623,0,more,0
0,0,2,-0.552,1,equal,0
0,0,2,-0.552,1,equal,0
0,0,5,0,0,equal,0
0,0,2,0.481,0,more,0
0,0,6,0,0,equal,0
0,0,3,0.295,0,more,0
0,0,3,0,0,equal,0
0,0,2,0.295,0,more,0
0,0,4,0,0,equal,0
0,0,1,-1.133,1,less,0
0,0,2,0,0,equal,0
0,0,3,0,0,equal,0
0,0,7,0.9019999999999999,1,more,0
0,0,3,0.315,0,more,0
0,0,4,0,0,equal,0
0,0,3,0.295,0,more,0
0,0,1,0,0,equal,0
0,0,1,0,0,equal,0
0,0,1,-0.388,1,less,0
0,0,1,0,0,equal,0
0,0,7,-0.32499999999999996,3,less,0
0,0,3,1.478,0,more,0
0,0,3,0.295,0,more,0
0,0,5,0.295,0,more,0
0,0,3,0,0,equal,0
0,0,4,0.295,0,more,0
0,0,2,0.164,1,equal,0
0,0,3,0.157,0,more,0
0,0,2,0,0,equal,0
0,0,4,0,0,equal,0
0,0,1,0,0,more,0
0,0,3,-0.14100000000000001,2,less,0
0,0,5,0.573,0,more,0
0,0,2,0,0,equal,0
0,0,5,0.628,0,more,0
0,0,1,0,0,equal,0
0,0,5,0,0,equal,0
0,0,2,2.438,0,more,0
0,0,6,1.435,1,more,0
0,0,3,0.039,0,more,0
0,0,3,0.002,0,more,0
0,0,2,-0.552,1,equal,0
0,0,1,0,0,more,0
0,0,6,0,0,equal,0
0,0,2,0,0,equal,0
0,0,1,0,0,equal,0
0,0,2,0,0,more,0
0,0,3,0.852,0,more,0
0,0,4,0,0,equal,0
0,0,1,0.197,0,more,0
0,0,4,-0.004,1,less,0
0,0,4,0.113,0,more,0
0,0,1,0,0,equal,0
0,0,2,0.11,0,more,0
0,0,1,0,0,equal,0
0,0,3,0,0,equal,0
0,0,1,0,0,equal,0
0,0,3,0,0,equal,0
0,0,4,0,0,equal,0
0,0,4,-0.552,1,more,0
0,0,3,-0.037,1,less,0
0,0,5,0,0,equal,0
0,0,1,0,0,equal,0
0,0,4,0,0,more,0
0,0,5,-0.676,1,less,0
0,0,3,0.846,0,more,0
0,0,3,0,0,equal,0
0,0,2,0,0,equal,0
0,0,3,0.295,0,more,0
0,0,3,0,0,equal,0
0,0,2,0,0,equal,0
0,0,3,0,0,equal,0
0,0,4,0,0,equal,0
0,0,6,1.185,1,more,0
0,0,3,0.841,0,more,0
0,0,5,0.295,0,more,0
0,0,2,-0.587,1,less,0
0,0,1,0,0,equal,0
0,0,1,0,0,equal,0
0,0,2,0,0,equal,0
0,0,4,0,0,equal,0
0,0,4,-0.552,1,more,0
0,0,3,0,0,equal,0
0,0,1,0.002,0,more,0
0,0,2,0.6829999999999999,0,more,0
0,0,11,0,0,equal,0
0,0,0,0,0,equal,0
0,0,5,0.295,0,more,0
0,0,4,0,0,more,0
0,0,1,-0.388,1,less,0
0,0,1,0.371,0,more,0
0,0,1,-0.552,1,less,0
0,0,2,0.11,0,more,0
0,0,3,0,0,equal,0
0,0,2,0.733,0,more,0
0,0,1,0,0,equal,0
0,0,4,0,0,equal,0
0,0,4,0,0,equal,0
0,0,2,0.11,0,more,0
4,2,1,-1.209,1,less,0
4,2,1,-0.268,1,less,0
4,2,1,0.566,0,more,0
4,2,8,3.5770000000000004,1,more,0
4,2,11,3.383,3,more,0
4,2,4,2.7779999999999996,0,more,0
4,2,4,-2.865,3,less,0
4,2,2,-1.024,1,equal,0
4,2,4,0.23700000000000004,2,equal,0
4,2,8,2.015,1,more,0
4,2,6,1.397,1,more,0
4,2,2,-0.9930000000000001,1,equal,0
4,2,13,-0.059,2,more,0
4,2,1,0.727,0,more,0
4,2,3,1.755,0,more,0
4,2,6,1.0739999999999998,2,more,0
4,2,11,1.508,1,more,0
4,2,1,0.797,0,more,0
4,2,11,-0.39200000000000007,5,less,0
4,2,1,-0.626,1,less,0
4,2,3,-0.185,2,less,0
4,2,2,0.8380000000000001,0,more,0
4,2,5,-0.749,2,equal,0
4,2,10,-2.753,4,more,0
4,2,3,-0.15399999999999997,1,equal,0
4,2,6,-0.931,3,less,0
4,2,13,1.964,2,more,0
4,2,1,1.446,0,more,0
4,2,3,0.44599999999999995,1,more,0
4,2,6,2.9829999999999997,1,more,0
4,2,7,1.905,2,more,0
4,2,2,0.416,0,more,0
4,2,10,-1.58,5,less,0
4,2,12,0.45100000000000007,4,more,0
4,2,2,0.151,0,more,0
4,2,1,0,0,equal,0
4,2,1,0.434,0,more,0
4,2,4,0.539,0,more,0
4,2,2,1.316,0,more,0
4,2,5,0.654,2,more,0
4,2,3,-0.22199999999999998,3,less,0
4,2,3,0.378,1,more,0
4,2,2,1.046,0,more,0
4,2,5,-0.609,4,less,0
4,2,4,-0.917,1,equal,0
4,2,6,1.9809999999999999,0,more,0
4,2,5,0.5039999999999999,1,more,0
4,2,8,0.653,1,more,0
4,2,8,0.881,3,more,0
4,2,11,4.024,2,more,0
4,2,1,0.573,0,more,0
4,2,2,-0.251,1,equal,0
4,2,10,-3.6710000000000007,4,more,0
4,2,2,0.09999999999999998,1,equal,0
4,2,7,2.682,0,more,0
4,2,8,0.706,1,more,0
4,2,1,0.064,0,more,0
4,2,13,-3.162,7,less,0
4,2,11,0.42699999999999994,2,more,0
4,2,2,2.479,0,more,0
4,2,10,-1.439,8,less,0
4,2,2,0.834,0,more,0
4,2,1,0,0,more,0
4,2,1,0.4,0,more,0
0,0,1,-0.098,1,less,1
0,0,7,-1.289,4,less,1
0,0,6,2.061,1,more,1
0,0,12,8.837,2,more,1
0,0,9,2.603,0,more,1
0,0,11,4.656,0,more,1
0,0,9,0.7879999999999999,3,equal,1
0,0,7,-0.11199999999999988,3,equal,1
0,0,4,1.088,0,more,1
0,0,6,2.67,0,more,1
0,0,2,-0.15999999999999998,1,equal,1
0,0,9,1.4509999999999998,2,more,1
0,0,8,3.299,3,equal,1
0,0,3,-1.841,2,less,1
0,0,12,-0.4650000000000001,4,less,1
0,0,7,2.131,2,more,1
0,0,2,0.10500000000000001,1,equal,1
0,0,11,-0.09300000000000008,5,less,1
0,0,1,0.064,0,more,1
0,0,2,-0.876,2,less,1
0,0,9,0.29899999999999993,5,less,1
0,0,11,2.825,2,more,1
0,0,1,0,0,more,1
0,0,2,0.117,0,more,1
0,0,13,5.373,0,more,1
0,0,10,0.535,4,more,1
0,0,10,2.133,1,more,1
0,0,8,3.703,0,more,1
0,0,9,0.32100000000000006,3,more,1
0,0,9,0.7659999999999998,3,more,1
0,0,4,-0.852,2,equal,1
0,0,10,2.109,1,more,1
0,0,10,-1.1460000000000001,3,more,1
0,0,1,-0.299,1,less,1
0,0,8,0.897,2,more,1
0,0,7,3.356,2,more,1
0,0,12,5.284999999999999,0,more,1
0,0,3,2.342,0,more,1
0,0,1,0.231,0,more,1
0,0,11,1.53,3,more,1
0,0,5,-0.12999999999999998,3,less,1
0,0,5,3.89,1,more,1
0,0,10,2.445,1,more,1
0,0,12,2.609,2,more,1
0,0,10,1.377,2,more,1
0,0,2,-0.13,1,equal,1
0,0,11,1.0850000000000002,4,more,1
0,0,3,0.134,0,more,1
0,0,1,0.246,0,more,1
0,0,13,-2.208,5,less,1
0,0,1,-0.13,1,less,1
0,0,2,-0.8099999999999999,2,less,1
0,0,12,3.773,1,more,1
0,0,2,0.182,0,more,1
0,0,11,1.708,5,equal,1
0,0,12,0.7720000000000002,1,more,1
0,0,5,1.662,2,more,1
0,0,8,1.476,0,more,1
0,0,1,0.299,0,more,1
0,0,11,3.047,2,more,1
0,0,1,2.035,0,more,1
0,0,11,4.515,3,more,1
0,0,10,1.3559999999999999,2,more,1
0,0,1,-0.146,1,less,1
0,0,12,4.382,2,more,1
0,0,10,3.6519999999999997,2,more,1
0,0,10,3.2700000000000005,3,more,1
0,0,1,0.31,0,more,1
0,0,9,2.1550000000000002,1,more,1
0,0,7,1.5979999999999999,2,more,1
0,0,12,3.616,2,more,1
0,0,11,-0.893,4,equal,1
0,0,13,3.6879999999999997,3,more,1
0,0,12,1.095,4,more,1
0,0,4,2.209,1,more,1
0,0,1,0.573,0,more,1
0,0,8,-0.24699999999999997,2,more,1
0,0,3,2.894,0,more,1
0,0,13,0.764,0,more,1
0,0,9,4.229,0,more,1
1,0,10,4.859999999999999,1,more,0
1,0,12,3.2100000000000004,1,more,0
1,0,3,3.627,0,more,0
1,0,6,2.395,0,more,0
1,0,7,1.912,1,more,0
1,0,4,-0.039,1,less,0
1,0,1,0.315,0,more,0
1,0,9,6.960000000000001,1,more,0
1,0,6,1.402,1,more,0
1,0,3,0.437,0,more,0
1,0,2,-2.288,2,less,0
1,0,9,6.787999999999999,0,more,0
1,0,1,0,0,more,0
1,0,8,0.41999999999999993,2,more,0
1,0,10,0.698,2,more,0
1,0,2,0.398,0,more,0
1,0,1,1.084,0,more,0
1,0,7,5.414,0,more,0
1,0,7,1.6169999999999995,3,equal,0
1,0,1,0.434,0,more,0
1,0,5,-1.595,1,less,0
1,0,2,-0.518,2,less,0
1,0,7,2.026,2,more,0
1,0,2,1.775,0,more,0
1,0,1,0.117,0,more,0
1,0,9,0.397,5,less,0
1,0,9,1.811,4,equal,0
1,0,1,0,0,equal,0
1,0,1,0.387,0,more,0
1,0,3,2.166,0,more,0
1,0,9,-0.5120000000000001,2,more,0
1,0,1,0.875,0,more,0
1,0,1,-0.304,1,less,0
1,0,4,0.38000000000000006,2,less,0
1,0,1,0,0,more,0
1,0,4,1.6989999999999998,1,more,0
1,0,2,-1.381,1,equal,0
1,0,7,2.73,0,more,0
1,0,6,-3.4619999999999997,3,less,0
1,0,3,-2.126,2,less,0
1,0,2,0.772,0,more,0
1,0,1,0.295,0,more,0
1,0,1,1.171,0,more,0
1,0,1,-0.403,1,less,0
1,0,6,-0.382,2,more,0
1,0,1,-0.019,1,less,0
1,0,10,1.802,2,more,0
1,0,8,2.717,2,more,0
1,0,4,-0.11500000000000005,2,equal,0
1,0,1,1.111,0,more,0
1,0,1,0,0,equal,0
1,0,3,-0.389,1,more,0
1,0,3,-1.124,3,less,0
1,0,7,-1.54,4,less,0
1,0,3,0.581,2,less,0
1,0,9,1.9149999999999998,1,more,0
1,0,12,0.915,3,more,0
1,0,9,2.562,1,more,0
1,0,5,1.896,0,more,0
1,0,3,0.30300000000000005,0,more,0
1,0,1,0.838,0,more,0
1,0,8,1.912,1,more,0
1,0,2,0.157,1,equal,0
1,0,10,1.7890000000000001,2,more,0
1,0,8,1.987,1,more,0
1,0,1,0.117,0,more,0
1,0,2,0.837,1,equal,0
1,0,10,1.602,2,more,0
1,0,1,0.573,0,more,0
1,0,1,0.099,0,more,0
1,0,2,0.9969999999999999,0,more,0
1,0,2,0.8140000000000001,0,more,0
1,0,5,1.355,1,more,0
1,0,11,3.8169999999999997,3,more,0
1,0,5,0.984,0,more,0
1,0,9,-0.799,4,less,0
1,0,2,0.656,0,more,0
1,0,7,3.3950000000000005,2,more,0
1,0,9,0.867,4,equal,0
1,0,6,2.291,1,more,0
1,0,4,0.244,2,equal,0
1,0,6,-0.609,4,less,0
1,0,2,1.012,0,more,0
